id,label
0,3.0
1,0.0
2,5.0
3,1.0
4,3.0
5,1.0
6,5.0
7,6.0
8,3.0
9,0.0
10,1.0
11,1.0
12,1.0
13,5.0
14,1.0
15,5.0
16,5.0
17,6.0
18,7.0
19,5.0
20,6.0
21,1.0
22,1.0
23,5.0
24,0.0
25,5.0
26,1.0
27,5.0
28,1.0
29,6.0
30,3.0
31,0.0
32,1.0
33,6.0
34,7.0
35,3.0
36,1.0
37,1.0
38,0.0
39,6.0
40,5.0
41,1.0
42,8.0
43,7.0
44,1.0
45,1.0
46,7.0
47,1.0
48,7.0
49,5.0
50,1.0
51,1.0
52,6.0
53,1.0
54,1.0
55,5.0
56,1.0
57,3.0
58,3.0
59,8.0
60,0.0
61,1.0
62,3.0
63,6.0
64,1.0
65,3.0
66,8.0
67,1.0
68,6.0
69,7.0
70,3.0
71,1.0
72,6.0
73,0.0
74,8.0
75,5.0
76,1.0
77,7.0
78,1.0
79,7.0
80,0.0
81,6.0
82,5.0
83,3.0
84,3.0
85,1.0
86,1.0
87,3.0
88,7.0
89,6.0
90,8.0
91,7.0
92,3.0
93,3.0
94,5.0
95,0.0
96,1.0
97,0.0
98,3.0
99,7.0
100,1.0
101,3.0
102,0.0
103,7.0
104,5.0
105,3.0
106,1.0
107,8.0
108,0.0
109,5.0
110,3.0
111,3.0
112,1.0
113,8.0
114,8.0
115,8.0
116,5.0
117,3.0
118,6.0
119,8.0
120,7.0
121,1.0
122,3.0
123,6.0
124,3.0
125,1.0
126,6.0
127,8.0
128,8.0
129,3.0
130,3.0
131,5.0
132,5.0
133,1.0
134,1.0
135,3.0
136,5.0
137,7.0
138,1.0
139,1.0
140,1.0
141,7.0
142,0.0
143,3.0
144,3.0
145,1.0
146,8.0
147,5.0
148,1.0
149,1.0
150,8.0
151,3.0
152,7.0
153,7.0
154,5.0
155,7.0
156,6.0
157,1.0
158,7.0
159,1.0
160,0.0
161,1.0
162,7.0
163,0.0
164,1.0
165,0.0
166,5.0
167,7.0
168,0.0
169,3.0
170,5.0
171,3.0
172,5.0
173,5.0
174,1.0
175,7.0
176,1.0
177,7.0
178,5.0
179,5.0
180,7.0
181,7.0
182,8.0
183,8.0
184,6.0
185,5.0
186,0.0
187,1.0
188,7.0
189,6.0
190,3.0
191,1.0
192,1.0
193,0.0
194,7.0
195,6.0
196,0.0
197,0.0
198,3.0
199,7.0
200,1.0
201,5.0
202,5.0
203,1.0
204,7.0
205,6.0
206,5.0
207,8.0
208,7.0
209,0.0
210,3.0
211,3.0
212,5.0
213,5.0
214,7.0
215,6.0
216,1.0
217,0.0
218,3.0
219,6.0
220,6.0
221,8.0
222,5.0
223,0.0
224,1.0
225,1.0
226,6.0
227,7.0
228,8.0
229,7.0
230,1.0
231,5.0
232,3.0
233,7.0
234,8.0
235,3.0
236,3.0
237,7.0
238,5.0
239,0.0
240,3.0
241,6.0
242,1.0
243,0.0
244,7.0
245,3.0
246,6.0
247,7.0
248,5.0
249,6.0
250,0.0
251,5.0
252,7.0
253,3.0
254,0.0
255,5.0
256,0.0
257,5.0
258,5.0
259,5.0
260,1.0
261,6.0
262,5.0
263,1.0
264,6.0
265,0.0
266,6.0
267,8.0
268,3.0
269,1.0
270,5.0
271,5.0
272,1.0
273,1.0
274,8.0
275,3.0
276,7.0
277,3.0
278,0.0
279,8.0
280,0.0
281,3.0
282,7.0
283,3.0
284,7.0
285,1.0
286,5.0
287,7.0
288,5.0
289,7.0
290,6.0
291,1.0
292,5.0
293,1.0
294,6.0
295,5.0
296,7.0
297,7.0
298,1.0
299,5.0
300,8.0
301,7.0
302,5.0
303,7.0
304,5.0
305,1.0
306,6.0
307,1.0
308,6.0
309,0.0
310,5.0
311,7.0
312,1.0
313,6.0
314,6.0
315,1.0
316,0.0
317,5.0
318,0.0
319,1.0
320,6.0
321,1.0
322,8.0
323,5.0
324,6.0
325,7.0
326,6.0
327,1.0
328,6.0
329,0.0
330,7.0
331,8.0
332,8.0
333,6.0
334,7.0
335,8.0
336,6.0
337,5.0
338,6.0
339,7.0
340,5.0
341,1.0
342,6.0
343,1.0
344,1.0
345,3.0
346,7.0
347,3.0
348,5.0
349,7.0
350,5.0
351,5.0
352,3.0
353,3.0
354,3.0
355,1.0
356,6.0
357,5.0
358,5.0
359,7.0
360,5.0
361,5.0
362,6.0
363,3.0
364,5.0
365,6.0
366,0.0
367,6.0
368,5.0
369,1.0
370,1.0
371,7.0
372,6.0
373,5.0
374,6.0
375,6.0
376,5.0
377,1.0
378,1.0
379,0.0
380,5.0
381,6.0
382,1.0
383,3.0
384,3.0
385,1.0
386,5.0
387,5.0
388,6.0
389,1.0
390,1.0
391,7.0
392,6.0
393,0.0
394,5.0
395,7.0
396,3.0
397,1.0
398,6.0
399,7.0
400,5.0
401,5.0
402,8.0
403,3.0
404,3.0
405,7.0
406,5.0
407,1.0
408,1.0
409,0.0
410,1.0
411,8.0
412,5.0
413,5.0
414,6.0
415,1.0
416,5.0
417,5.0
418,1.0
419,5.0
420,5.0
421,1.0
422,5.0
423,6.0
424,3.0
425,6.0
426,8.0
427,7.0
428,8.0
429,5.0
430,1.0
431,5.0
432,5.0
433,1.0
434,0.0
435,3.0
436,1.0
437,8.0
438,3.0
439,8.0
440,5.0
441,1.0
442,3.0
443,8.0
444,1.0
445,6.0
446,3.0
447,1.0
448,1.0
449,3.0
450,6.0
451,5.0
452,6.0
453,1.0
454,5.0
455,0.0
456,6.0
457,5.0
458,8.0
459,5.0
460,0.0
461,1.0
462,6.0
463,1.0
464,1.0
465,0.0
466,6.0
467,3.0
468,1.0
469,7.0
470,3.0
471,3.0
472,8.0
473,6.0
474,3.0
475,5.0
476,3.0
477,5.0
478,8.0
479,1.0
480,6.0
481,0.0
482,3.0
483,6.0
484,1.0
485,7.0
486,0.0
487,6.0
488,1.0
489,5.0
490,3.0
491,5.0
492,8.0
493,3.0
494,5.0
495,6.0
496,1.0
497,1.0
498,6.0
499,3.0
500,7.0
501,3.0
502,5.0
503,1.0
504,6.0
505,7.0
506,1.0
507,3.0
508,8.0
509,0.0
510,3.0
511,6.0
512,5.0
513,7.0
514,1.0
515,0.0
516,0.0
517,3.0
518,5.0
519,7.0
520,1.0
521,6.0
522,3.0
523,5.0
524,6.0
525,1.0
526,6.0
527,1.0
528,0.0
529,3.0
530,5.0
531,5.0
532,5.0
533,3.0
534,7.0
535,1.0
536,7.0
537,1.0
538,3.0
539,8.0
540,6.0
541,3.0
542,0.0
543,3.0
544,7.0
545,6.0
546,6.0
547,5.0
548,0.0
549,0.0
550,1.0
551,3.0
552,7.0
553,1.0
554,0.0
555,3.0
556,6.0
557,3.0
558,6.0
559,7.0
560,0.0
561,3.0
562,3.0
563,6.0
564,1.0
565,6.0
566,1.0
567,7.0
568,6.0
569,7.0
570,3.0
571,5.0
572,5.0
573,7.0
574,6.0
575,5.0
576,1.0
577,3.0
578,3.0
579,7.0
580,5.0
581,7.0
582,5.0
583,5.0
584,5.0
585,1.0
586,5.0
587,1.0
588,1.0
589,5.0
590,3.0
591,1.0
592,5.0
593,5.0
594,1.0
595,7.0
596,3.0
597,0.0
598,7.0
599,1.0
600,3.0
601,1.0
602,5.0
603,5.0
604,6.0
605,1.0
606,7.0
607,1.0
608,3.0
609,1.0
610,1.0
611,3.0
612,3.0
613,5.0
614,3.0
615,5.0
616,0.0
617,5.0
618,7.0
619,0.0
620,8.0
621,0.0
622,1.0
623,5.0
624,8.0
625,3.0
626,6.0
627,5.0
628,0.0
629,3.0
630,8.0
631,5.0
632,0.0
633,8.0
634,1.0
635,0.0
636,7.0
637,0.0
638,5.0
639,3.0
640,1.0
641,1.0
642,1.0
643,7.0
644,3.0
645,7.0
646,6.0
647,6.0
648,3.0
649,1.0
650,0.0
651,5.0
652,0.0
653,0.0
654,5.0
655,3.0
656,5.0
657,5.0
658,5.0
659,0.0
660,5.0
661,8.0
662,0.0
663,0.0
664,3.0
665,5.0
666,8.0
667,1.0
668,7.0
669,1.0
670,6.0
671,6.0
672,1.0
673,0.0
674,5.0
675,7.0
676,1.0
677,6.0
678,6.0
679,8.0
680,6.0
681,5.0
682,5.0
683,5.0
684,1.0
685,5.0
686,3.0
687,3.0
688,0.0
689,6.0
690,1.0
691,5.0
692,7.0
693,6.0
694,8.0
695,6.0
696,3.0
697,6.0
698,1.0
699,6.0
700,5.0
701,8.0
702,6.0
703,3.0
704,5.0
705,6.0
706,5.0
707,0.0
708,6.0
709,0.0
710,3.0
711,7.0
712,6.0
713,5.0
714,6.0
715,1.0
716,1.0
717,3.0
718,7.0
719,1.0
720,8.0
721,8.0
722,1.0
723,5.0
724,0.0
725,8.0
726,5.0
727,6.0
728,8.0
729,3.0
730,6.0
731,6.0
732,7.0
733,1.0
734,1.0
735,3.0
736,6.0
737,7.0
738,1.0
739,8.0
740,1.0
741,3.0
742,7.0
743,5.0
744,6.0
745,7.0
746,1.0
747,5.0
748,3.0
749,8.0
750,5.0
751,6.0
752,6.0
753,3.0
754,6.0
755,3.0
756,6.0
757,3.0
758,8.0
759,5.0
760,5.0
761,0.0
762,6.0
763,5.0
764,0.0
765,3.0
766,6.0
767,1.0
768,6.0
769,7.0
770,7.0
771,5.0
772,1.0
773,3.0
774,8.0
775,1.0
776,5.0
777,6.0
778,6.0
779,3.0
780,0.0
781,1.0
782,5.0
783,7.0
784,3.0
785,1.0
786,5.0
787,5.0
788,3.0
789,6.0
790,3.0
791,5.0
792,1.0
793,1.0
794,6.0
795,3.0
796,3.0
797,5.0
798,1.0
799,1.0
800,5.0
801,7.0
802,8.0
803,1.0
804,3.0
805,5.0
806,3.0
807,0.0
808,6.0
809,5.0
810,7.0
811,7.0
812,7.0
813,0.0
814,6.0
815,1.0
816,6.0
817,1.0
818,6.0
819,5.0
820,5.0
821,3.0
822,0.0
823,8.0
824,6.0
825,5.0
826,0.0
827,5.0
828,8.0
829,6.0
830,0.0
831,3.0
832,6.0
833,0.0
834,3.0
835,3.0
836,6.0
837,7.0
838,5.0
839,5.0
840,6.0
841,6.0
842,1.0
843,3.0
844,3.0
845,5.0
846,6.0
847,1.0
848,7.0
849,6.0
850,1.0
851,5.0
852,8.0
853,5.0
854,5.0
855,1.0
856,3.0
857,7.0
858,5.0
859,6.0
860,8.0
861,3.0
862,8.0
863,6.0
864,5.0
865,1.0
866,8.0
867,1.0
868,5.0
869,0.0
870,3.0
871,0.0
872,1.0
873,3.0
874,5.0
875,1.0
876,0.0
877,8.0
878,7.0
879,1.0
880,6.0
881,5.0
882,6.0
883,0.0
884,6.0
885,1.0
886,5.0
887,6.0
888,7.0
889,8.0
890,3.0
891,1.0
892,0.0
893,8.0
894,1.0
895,0.0
896,7.0
897,1.0
898,5.0
899,5.0
900,1.0
901,0.0
902,6.0
903,6.0
904,6.0
905,0.0
906,7.0
907,3.0
908,8.0
909,3.0
910,6.0
911,6.0
912,6.0
913,3.0
914,0.0
915,3.0
916,3.0
917,1.0
918,0.0
919,8.0
920,7.0
921,6.0
922,5.0
923,5.0
924,1.0
925,7.0
926,1.0
927,5.0
928,5.0
929,5.0
930,5.0
931,8.0
932,0.0
933,5.0
934,0.0
935,1.0
936,0.0
937,5.0
938,6.0
939,5.0
940,3.0
941,6.0
942,8.0
943,6.0
944,6.0
945,1.0
946,5.0
947,7.0
948,1.0
949,8.0
950,7.0
951,5.0
952,5.0
953,7.0
954,5.0
955,8.0
956,3.0
957,6.0
958,1.0
959,1.0
960,7.0
961,6.0
962,1.0
963,5.0
964,7.0
965,3.0
966,1.0
967,6.0
968,5.0
969,1.0
970,7.0
971,5.0
972,6.0
973,3.0
974,7.0
975,3.0
976,3.0
977,3.0
978,5.0
979,8.0
980,5.0
981,6.0
982,6.0
983,5.0
984,7.0
985,1.0
986,5.0
987,5.0
988,3.0
989,8.0
990,8.0
991,3.0
992,6.0
993,0.0
994,6.0
995,1.0
996,5.0
997,1.0
998,6.0
999,1.0
1000,3.0
1001,7.0
1002,5.0
1003,5.0
1004,0.0
1005,8.0
1006,1.0
1007,1.0
1008,6.0
1009,5.0
1010,7.0
1011,7.0
1012,3.0
1013,3.0
1014,1.0
1015,5.0
1016,3.0
1017,1.0
1018,1.0
1019,8.0
1020,5.0
1021,0.0
1022,5.0
1023,3.0
1024,1.0
1025,6.0
1026,5.0
1027,5.0
1028,7.0
1029,1.0
1030,1.0
1031,5.0
1032,8.0
1033,6.0
1034,0.0
1035,6.0
1036,7.0
1037,1.0
1038,5.0
1039,6.0
1040,3.0
1041,7.0
1042,1.0
1043,0.0
1044,6.0
1045,1.0
1046,7.0
1047,5.0
1048,3.0
1049,6.0
1050,5.0
1051,1.0
1052,6.0
1053,1.0
1054,3.0
1055,3.0
1056,5.0
1057,1.0
1058,5.0
1059,7.0
1060,6.0
1061,1.0
1062,3.0
1063,6.0
1064,5.0
1065,3.0
1066,5.0
1067,1.0
1068,6.0
1069,8.0
1070,6.0
1071,6.0
1072,0.0
1073,5.0
1074,1.0
1075,7.0
1076,5.0
1077,0.0
1078,5.0
1079,1.0
1080,8.0
1081,6.0
1082,3.0
1083,6.0
1084,6.0
1085,7.0
1086,1.0
1087,7.0
1088,6.0
1089,1.0
1090,6.0
1091,3.0
1092,6.0
1093,5.0
1094,1.0
1095,6.0
1096,0.0
1097,7.0
1098,0.0
1099,7.0
1100,8.0
1101,0.0
1102,1.0
1103,1.0
1104,0.0
1105,1.0
1106,5.0
1107,0.0
1108,1.0
1109,1.0
1110,8.0
1111,0.0
1112,5.0
1113,6.0
1114,5.0
1115,7.0
1116,5.0
1117,1.0
1118,1.0
1119,7.0
1120,5.0
1121,6.0
1122,6.0
1123,1.0
1124,3.0
1125,5.0
1126,6.0
1127,5.0
1128,0.0
1129,6.0
1130,0.0
1131,7.0
1132,0.0
1133,6.0
1134,1.0
1135,1.0
1136,1.0
1137,6.0
1138,5.0
1139,5.0
1140,6.0
1141,6.0
1142,7.0
1143,3.0
1144,3.0
1145,1.0
1146,6.0
1147,3.0
1148,0.0
1149,6.0
1150,5.0
1151,1.0
1152,5.0
1153,0.0
1154,3.0
1155,3.0
1156,7.0
1157,7.0
1158,0.0
1159,7.0
1160,5.0
1161,1.0
1162,5.0
1163,0.0
1164,1.0
1165,8.0
1166,0.0
1167,1.0
1168,3.0
1169,5.0
1170,6.0
1171,1.0
1172,3.0
1173,3.0
1174,6.0
1175,8.0
1176,1.0
1177,6.0
1178,0.0
1179,5.0
1180,3.0
1181,3.0
1182,7.0
1183,5.0
1184,1.0
1185,7.0
1186,5.0
1187,6.0
1188,8.0
1189,3.0
1190,6.0
1191,7.0
1192,6.0
1193,5.0
1194,1.0
1195,8.0
1196,6.0
1197,1.0
1198,0.0
1199,1.0
1200,7.0
1201,1.0
1202,5.0
1203,5.0
1204,6.0
1205,5.0
1206,7.0
1207,5.0
1208,1.0
1209,1.0
1210,3.0
1211,1.0
1212,6.0
1213,1.0
1214,7.0
1215,0.0
1216,8.0
1217,0.0
1218,8.0
1219,5.0
1220,3.0
1221,3.0
1222,5.0
1223,0.0
1224,1.0
1225,0.0
1226,7.0
1227,6.0
1228,3.0
1229,5.0
1230,5.0
1231,5.0
1232,1.0
1233,7.0
1234,0.0
1235,6.0
1236,1.0
1237,1.0
1238,1.0
1239,5.0
1240,7.0
1241,5.0
1242,0.0
1243,5.0
1244,0.0
1245,7.0
1246,7.0
1247,7.0
1248,6.0
1249,5.0
1250,5.0
1251,3.0
1252,7.0
1253,3.0
1254,8.0
1255,6.0
1256,6.0
1257,5.0
1258,6.0
1259,3.0
1260,7.0
1261,6.0
1262,1.0
1263,3.0
1264,6.0
1265,5.0
1266,6.0
1267,5.0
1268,0.0
1269,7.0
1270,0.0
1271,0.0
1272,5.0
1273,6.0
1274,1.0
1275,6.0
1276,5.0
1277,1.0
1278,3.0
1279,0.0
1280,0.0
1281,1.0
1282,5.0
1283,3.0
1284,1.0
1285,5.0
1286,6.0
1287,6.0
1288,8.0
1289,1.0
1290,5.0
1291,1.0
1292,1.0
1293,3.0
1294,5.0
1295,8.0
1296,6.0
1297,3.0
1298,1.0
1299,1.0
1300,3.0
1301,6.0
1302,0.0
1303,5.0
1304,5.0
1305,3.0
1306,0.0
1307,1.0
1308,7.0
1309,6.0
1310,6.0
1311,1.0
1312,6.0
1313,6.0
1314,5.0
1315,1.0
1316,5.0
1317,3.0
1318,3.0
1319,6.0
1320,6.0
1321,5.0
1322,8.0
1323,5.0
1324,5.0
1325,5.0
1326,8.0
1327,6.0
1328,3.0
1329,7.0
1330,6.0
1331,3.0
1332,3.0
1333,1.0
1334,3.0
1335,5.0
1336,3.0
1337,1.0
1338,3.0
1339,0.0
1340,1.0
1341,5.0
1342,1.0
1343,1.0
1344,8.0
1345,0.0
1346,7.0
1347,5.0
1348,5.0
1349,0.0
1350,0.0
1351,5.0
1352,7.0
1353,5.0
1354,6.0
1355,7.0
1356,1.0
1357,6.0
1358,6.0
1359,1.0
1360,7.0
1361,7.0
1362,3.0
1363,0.0
1364,1.0
1365,3.0
1366,8.0
1367,5.0
1368,6.0
1369,5.0
1370,6.0
1371,6.0
1372,1.0
1373,1.0
1374,1.0
1375,3.0
1376,0.0
1377,0.0
1378,5.0
1379,0.0
1380,3.0
1381,5.0
1382,3.0
1383,7.0
1384,0.0
1385,1.0
1386,5.0
1387,3.0
1388,1.0
1389,6.0
1390,6.0
1391,6.0
1392,5.0
1393,5.0
1394,3.0
1395,6.0
1396,5.0
1397,3.0
1398,8.0
1399,0.0
1400,1.0
1401,0.0
1402,1.0
1403,0.0
1404,5.0
1405,1.0
1406,5.0
1407,3.0
1408,5.0
1409,8.0
1410,6.0
1411,7.0
1412,5.0
1413,1.0
1414,0.0
1415,5.0
1416,3.0
1417,1.0
1418,6.0
1419,0.0
1420,3.0
1421,7.0
1422,7.0
1423,5.0
1424,5.0
1425,3.0
1426,0.0
1427,1.0
1428,8.0
1429,1.0
1430,7.0
1431,5.0
1432,8.0
1433,7.0
1434,1.0
1435,5.0
1436,3.0
1437,3.0
1438,3.0
1439,0.0
1440,6.0
1441,1.0
1442,5.0
1443,1.0
1444,8.0
1445,3.0
1446,5.0
1447,5.0
1448,5.0
1449,5.0
1450,1.0
1451,7.0
1452,5.0
1453,1.0
1454,3.0
1455,0.0
1456,1.0
1457,5.0
1458,6.0
1459,3.0
1460,6.0
1461,5.0
1462,7.0
1463,8.0
1464,6.0
1465,6.0
1466,1.0
1467,5.0
1468,6.0
1469,6.0
1470,7.0
1471,7.0
1472,8.0
1473,6.0
1474,5.0
1475,5.0
1476,3.0
1477,6.0
1478,1.0
1479,1.0
1480,1.0
1481,5.0
1482,5.0
1483,5.0
1484,3.0
1485,3.0
1486,1.0
1487,1.0
1488,1.0
1489,6.0
1490,1.0
1491,3.0
1492,8.0
1493,1.0
1494,1.0
1495,5.0
1496,0.0
1497,5.0
1498,5.0
1499,1.0
1500,8.0
1501,1.0
1502,8.0
1503,6.0
1504,1.0
1505,5.0
1506,5.0
1507,1.0
1508,0.0
1509,0.0
1510,0.0
1511,8.0
1512,3.0
1513,8.0
1514,7.0
1515,5.0
1516,5.0
1517,8.0
1518,7.0
1519,7.0
1520,6.0
1521,1.0
1522,3.0
1523,1.0
1524,6.0
1525,6.0
1526,3.0
1527,3.0
1528,0.0
1529,1.0
1530,1.0
1531,6.0
1532,7.0
1533,6.0
1534,1.0
1535,1.0
1536,5.0
1537,6.0
1538,6.0
1539,5.0
1540,6.0
1541,6.0
1542,6.0
1543,3.0
1544,1.0
1545,7.0
1546,1.0
1547,3.0
1548,1.0
1549,7.0
1550,0.0
1551,3.0
1552,0.0
1553,6.0
1554,1.0
1555,3.0
1556,5.0
1557,5.0
1558,3.0
1559,6.0
1560,5.0
1561,1.0
1562,5.0
1563,1.0
1564,6.0
1565,1.0
1566,5.0
1567,6.0
1568,1.0
1569,8.0
1570,1.0
1571,1.0
1572,3.0
1573,7.0
1574,8.0
1575,1.0
1576,1.0
1577,5.0
1578,1.0
1579,7.0
1580,1.0
1581,5.0
1582,0.0
1583,1.0
1584,5.0
1585,1.0
1586,6.0
1587,5.0
1588,5.0
1589,3.0
1590,3.0
1591,6.0
1592,1.0
1593,5.0
1594,0.0
1595,0.0
1596,8.0
1597,8.0
1598,8.0
1599,1.0
1600,1.0
1601,1.0
1602,5.0
1603,0.0
1604,3.0
1605,1.0
1606,5.0
1607,1.0
1608,1.0
1609,8.0
1610,6.0
1611,3.0
1612,3.0
1613,5.0
1614,8.0
1615,5.0
1616,1.0
1617,7.0
1618,3.0
1619,5.0
1620,6.0
1621,3.0
1622,6.0
1623,1.0
1624,0.0
1625,5.0
1626,5.0
1627,5.0
1628,7.0
1629,7.0
1630,5.0
1631,1.0
1632,5.0
1633,3.0
1634,0.0
1635,6.0
1636,7.0
1637,1.0
1638,0.0
1639,3.0
1640,1.0
1641,5.0
1642,6.0
1643,3.0
1644,3.0
1645,1.0
1646,8.0
1647,0.0
1648,1.0
1649,0.0
1650,3.0
1651,8.0
1652,6.0
1653,5.0
1654,3.0
1655,7.0
1656,3.0
1657,1.0
1658,1.0
1659,5.0
1660,0.0
1661,6.0
1662,7.0
1663,3.0
1664,1.0
1665,3.0
1666,1.0
1667,5.0
1668,3.0
1669,3.0
1670,5.0
1671,7.0
1672,0.0
1673,5.0
1674,7.0
1675,3.0
1676,5.0
1677,6.0
1678,7.0
1679,0.0
1680,3.0
1681,5.0
1682,1.0
1683,0.0
1684,0.0
1685,6.0
1686,6.0
1687,5.0
1688,1.0
1689,7.0
1690,8.0
1691,0.0
1692,6.0
1693,7.0
1694,0.0
1695,1.0
1696,3.0
1697,6.0
1698,6.0
1699,0.0
1700,6.0
1701,7.0
1702,3.0
1703,5.0
1704,0.0
1705,6.0
1706,5.0
1707,7.0
1708,5.0
1709,3.0
1710,7.0
1711,5.0
1712,6.0
1713,6.0
1714,0.0
1715,1.0
1716,3.0
1717,1.0
1718,0.0
1719,5.0
1720,5.0
1721,3.0
1722,0.0
1723,0.0
1724,0.0
1725,1.0
1726,8.0
1727,0.0
1728,7.0
1729,3.0
1730,8.0
1731,7.0
1732,1.0
1733,5.0
1734,0.0
1735,5.0
1736,5.0
1737,5.0
1738,0.0
1739,5.0
1740,1.0
1741,6.0
1742,5.0
1743,5.0
1744,5.0
1745,6.0
1746,1.0
1747,6.0
1748,8.0
1749,6.0
1750,6.0
1751,7.0
1752,6.0
1753,1.0
1754,8.0
1755,7.0
1756,5.0
1757,0.0
1758,3.0
1759,1.0
1760,1.0
1761,6.0
1762,7.0
1763,6.0
1764,6.0
1765,3.0
1766,1.0
1767,1.0
1768,5.0
1769,3.0
1770,1.0
1771,1.0
1772,5.0
1773,1.0
1774,1.0
1775,0.0
1776,5.0
1777,1.0
1778,1.0
1779,5.0
1780,1.0
1781,1.0
1782,1.0
1783,0.0
1784,1.0
1785,5.0
1786,5.0
1787,0.0
1788,1.0
1789,6.0
1790,0.0
1791,0.0
1792,3.0
1793,7.0
1794,7.0
1795,5.0
1796,0.0
1797,3.0
1798,1.0
1799,2.0
1800,0.0
1801,3.0
1802,6.0
1803,5.0
1804,5.0
1805,5.0
1806,5.0
1807,1.0
1808,8.0
1809,6.0
1810,6.0
1811,5.0
1812,6.0
1813,1.0
1814,3.0
1815,6.0
1816,0.0
1817,5.0
1818,5.0
1819,3.0
1820,7.0
1821,1.0
1822,3.0
1823,5.0
1824,3.0
1825,0.0
1826,7.0
1827,5.0
1828,8.0
1829,6.0
1830,5.0
1831,6.0
1832,1.0
1833,6.0
1834,6.0
1835,5.0
1836,1.0
1837,6.0
1838,5.0
1839,3.0
1840,8.0
1841,6.0
1842,6.0
1843,3.0
1844,1.0
1845,6.0
1846,5.0
1847,6.0
1848,1.0
1849,7.0
1850,3.0
1851,1.0
1852,0.0
1853,1.0
1854,0.0
1855,5.0
1856,3.0
1857,5.0
1858,7.0
1859,3.0
1860,3.0
1861,7.0
1862,5.0
1863,5.0
1864,3.0
1865,1.0
1866,7.0
1867,5.0
1868,5.0
1869,3.0
1870,1.0
1871,3.0
1872,1.0
1873,5.0
1874,6.0
1875,3.0
1876,1.0
1877,3.0
1878,8.0
1879,5.0
1880,0.0
1881,1.0
1882,5.0
1883,5.0
1884,6.0
1885,6.0
1886,7.0
1887,5.0
1888,1.0
1889,7.0
1890,7.0
1891,5.0
1892,1.0
1893,3.0
1894,1.0
1895,6.0
1896,3.0
1897,3.0
1898,2.0
1899,7.0
1900,7.0
1901,8.0
1902,3.0
1903,7.0
1904,1.0
1905,1.0
1906,8.0
1907,6.0
1908,6.0
1909,3.0
1910,0.0
1911,3.0
1912,3.0
1913,1.0
1914,3.0
1915,5.0
1916,6.0
1917,0.0
1918,0.0
1919,7.0
1920,5.0
1921,1.0
1922,6.0
1923,6.0
1924,0.0
1925,1.0
1926,5.0
1927,3.0
1928,1.0
1929,3.0
1930,6.0
1931,3.0
1932,7.0
1933,6.0
1934,0.0
1935,1.0
1936,3.0
1937,1.0
1938,3.0
1939,8.0
1940,5.0
1941,3.0
1942,8.0
1943,8.0
1944,1.0
1945,6.0
1946,0.0
1947,7.0
1948,5.0
1949,1.0
1950,1.0
1951,3.0
1952,8.0
1953,8.0
1954,5.0
1955,3.0
1956,3.0
1957,3.0
1958,6.0
1959,6.0
1960,0.0
1961,5.0
1962,6.0
1963,5.0
1964,1.0
1965,0.0
1966,5.0
1967,6.0
1968,5.0
1969,3.0
1970,0.0
1971,5.0
1972,5.0
1973,5.0
1974,3.0
1975,3.0
1976,6.0
1977,3.0
1978,0.0
1979,7.0
1980,1.0
1981,6.0
1982,5.0
1983,5.0
1984,5.0
1985,1.0
1986,3.0
1987,3.0
1988,6.0
1989,1.0
1990,1.0
1991,8.0
1992,1.0
1993,3.0
1994,1.0
1995,1.0
1996,7.0
1997,1.0
1998,3.0
1999,5.0
2000,1.0
2001,3.0
2002,0.0
2003,1.0
2004,3.0
2005,3.0
2006,1.0
2007,3.0
2008,0.0
2009,6.0
2010,5.0
2011,1.0
2012,0.0
2013,6.0
2014,6.0
2015,1.0
2016,6.0
2017,5.0
2018,1.0
2019,3.0
2020,3.0
2021,5.0
2022,1.0
2023,1.0
2024,5.0
2025,7.0
2026,7.0
2027,1.0
2028,3.0
2029,1.0
2030,8.0
2031,0.0
2032,8.0
2033,7.0
2034,8.0
2035,1.0
2036,7.0
2037,1.0
2038,7.0
2039,1.0
2040,6.0
2041,6.0
2042,5.0
2043,5.0
2044,0.0
2045,1.0
2046,8.0
2047,6.0
2048,6.0
2049,5.0
2050,6.0
2051,1.0
2052,5.0
2053,5.0
2054,5.0
2055,1.0
2056,3.0
2057,0.0
2058,3.0
2059,7.0
2060,7.0
2061,0.0
2062,6.0
2063,6.0
2064,5.0
2065,6.0
2066,0.0
2067,5.0
2068,1.0
2069,5.0
2070,7.0
2071,5.0
2072,3.0
2073,1.0
2074,5.0
2075,5.0
2076,1.0
2077,7.0
2078,5.0
2079,5.0
2080,0.0
2081,5.0
2082,1.0
2083,5.0
2084,8.0
2085,0.0
2086,5.0
2087,1.0
2088,5.0
2089,6.0
2090,1.0
2091,6.0
2092,5.0
2093,7.0
2094,0.0
2095,5.0
2096,0.0
2097,0.0
2098,3.0
2099,6.0
2100,5.0
2101,0.0
2102,1.0
2103,7.0
2104,5.0
2105,5.0
2106,7.0
2107,6.0
2108,1.0
2109,5.0
2110,6.0
2111,1.0
2112,5.0
2113,3.0
2114,1.0
2115,7.0
2116,3.0
2117,5.0
2118,7.0
2119,6.0
2120,7.0
2121,0.0
2122,5.0
2123,6.0
2124,8.0
2125,5.0
2126,8.0
2127,0.0
2128,6.0
2129,5.0
2130,6.0
2131,7.0
2132,1.0
2133,5.0
2134,5.0
2135,1.0
2136,5.0
2137,7.0
2138,0.0
2139,1.0
2140,7.0
2141,0.0
2142,5.0
2143,6.0
2144,6.0
2145,0.0
2146,8.0
2147,5.0
2148,3.0
2149,3.0
2150,1.0
2151,1.0
2152,3.0
2153,5.0
2154,7.0
2155,8.0
2156,3.0
2157,6.0
2158,7.0
2159,6.0
2160,3.0
2161,7.0
2162,8.0
2163,8.0
2164,5.0
2165,8.0
2166,6.0
2167,1.0
2168,8.0
2169,5.0
2170,3.0
2171,3.0
2172,3.0
2173,3.0
2174,3.0
2175,1.0
2176,5.0
2177,5.0
2178,1.0
2179,8.0
2180,7.0
2181,7.0
2182,5.0
2183,7.0
2184,1.0
2185,1.0
2186,1.0
2187,6.0
2188,8.0
2189,3.0
2190,8.0
2191,1.0
2192,0.0
2193,1.0
2194,6.0
2195,1.0
2196,1.0
2197,5.0
2198,7.0
2199,8.0
2200,7.0
2201,0.0
2202,6.0
2203,3.0
2204,0.0
2205,3.0
2206,7.0
2207,7.0
2208,0.0
2209,1.0
2210,1.0
2211,3.0
2212,5.0
2213,5.0
2214,0.0
2215,5.0
2216,5.0
2217,6.0
2218,5.0
2219,0.0
2220,1.0
2221,6.0
2222,3.0
2223,6.0
2224,1.0
2225,1.0
2226,6.0
2227,6.0
2228,8.0
2229,7.0
2230,1.0
2231,5.0
2232,6.0
2233,6.0
2234,1.0
2235,6.0
2236,7.0
2237,7.0
2238,5.0
2239,8.0
2240,0.0
2241,5.0
2242,0.0
2243,5.0
2244,3.0
2245,7.0
2246,5.0
2247,8.0
2248,1.0
2249,1.0
2250,7.0
2251,1.0
2252,3.0
2253,3.0
2254,1.0
2255,6.0
2256,3.0
2257,3.0
2258,5.0
2259,6.0
2260,7.0
2261,1.0
2262,5.0
2263,7.0
2264,1.0
2265,1.0
2266,7.0
2267,1.0
2268,5.0
2269,6.0
2270,8.0
2271,8.0
2272,8.0
2273,1.0
2274,7.0
2275,1.0
2276,6.0
2277,6.0
2278,6.0
2279,8.0
2280,0.0
2281,1.0
2282,5.0
2283,7.0
2284,0.0
2285,0.0
2286,0.0
2287,0.0
2288,0.0
2289,7.0
2290,1.0
2291,3.0
2292,8.0
2293,7.0
2294,3.0
2295,6.0
2296,3.0
2297,0.0
2298,3.0
2299,5.0
2300,5.0
2301,7.0
2302,3.0
2303,3.0
2304,3.0
2305,3.0
2306,8.0
2307,3.0
2308,1.0
2309,0.0
2310,7.0
2311,1.0
2312,7.0
2313,5.0
2314,3.0
2315,7.0
2316,5.0
2317,6.0
2318,6.0
2319,5.0
2320,6.0
2321,7.0
2322,3.0
2323,7.0
2324,0.0
2325,6.0
2326,8.0
2327,3.0
2328,1.0
2329,6.0
2330,1.0
2331,1.0
2332,0.0
2333,1.0
2334,1.0
2335,6.0
2336,7.0
2337,0.0
2338,1.0
2339,8.0
2340,6.0
2341,5.0
2342,3.0
2343,5.0
2344,6.0
2345,1.0
2346,7.0
2347,3.0
2348,1.0
2349,1.0
2350,1.0
2351,6.0
2352,6.0
2353,1.0
2354,6.0
2355,7.0
2356,3.0
2357,1.0
2358,2.0
2359,5.0
2360,0.0
2361,6.0
2362,6.0
2363,7.0
2364,0.0
2365,5.0
2366,3.0
2367,7.0
2368,6.0
2369,5.0
2370,6.0
2371,0.0
2372,1.0
2373,1.0
2374,5.0
2375,6.0
2376,3.0
2377,6.0
2378,3.0
2379,6.0
2380,1.0
2381,7.0
2382,0.0
2383,1.0
2384,3.0
2385,5.0
2386,3.0
2387,6.0
2388,5.0
2389,3.0
2390,8.0
2391,1.0
2392,0.0
2393,3.0
2394,7.0
2395,0.0
2396,5.0
2397,5.0
2398,3.0
2399,5.0
2400,5.0
2401,7.0
2402,7.0
2403,1.0
2404,3.0
2405,6.0
2406,8.0
2407,7.0
2408,5.0
2409,5.0
2410,3.0
2411,1.0
2412,1.0
2413,7.0
2414,0.0
2415,1.0
2416,5.0
2417,7.0
2418,7.0
2419,7.0
2420,3.0
2421,7.0
2422,6.0
2423,3.0
2424,6.0
2425,7.0
2426,1.0
2427,7.0
2428,3.0
2429,0.0
2430,3.0
2431,6.0
2432,1.0
2433,7.0
2434,0.0
2435,6.0
2436,1.0
2437,5.0
2438,6.0
2439,7.0
2440,8.0
2441,6.0
2442,7.0
2443,3.0
2444,5.0
2445,8.0
2446,7.0
2447,1.0
2448,7.0
2449,3.0
2450,5.0
2451,5.0
2452,8.0
2453,1.0
2454,0.0
2455,0.0
2456,8.0
2457,5.0
2458,1.0
2459,3.0
2460,0.0
2461,1.0
2462,6.0
2463,6.0
2464,1.0
2465,5.0
2466,7.0
2467,0.0
2468,3.0
2469,8.0
2470,5.0
2471,0.0
2472,1.0
2473,7.0
2474,0.0
2475,1.0
2476,6.0
2477,1.0
2478,1.0
2479,1.0
2480,6.0
2481,1.0
2482,5.0
2483,3.0
2484,7.0
2485,0.0
2486,1.0
2487,6.0
2488,5.0
2489,1.0
2490,7.0
2491,6.0
2492,6.0
2493,8.0
2494,0.0
2495,0.0
2496,0.0
2497,7.0
2498,0.0
2499,1.0
2500,3.0
2501,6.0
2502,6.0
2503,5.0
2504,6.0
2505,1.0
2506,5.0
2507,1.0
2508,7.0
2509,5.0
2510,6.0
2511,1.0
2512,5.0
2513,7.0
2514,7.0
2515,6.0
2516,1.0
2517,6.0
2518,7.0
2519,5.0
2520,1.0
2521,3.0
2522,3.0
2523,7.0
2524,8.0
2525,3.0
2526,6.0
2527,7.0
2528,5.0
2529,0.0
2530,5.0
2531,7.0
2532,6.0
2533,5.0
2534,5.0
2535,7.0
2536,7.0
2537,1.0
2538,3.0
2539,6.0
2540,1.0
2541,3.0
2542,1.0
2543,1.0
2544,5.0
2545,6.0
2546,5.0
2547,0.0
2548,7.0
2549,0.0
2550,6.0
2551,6.0
2552,5.0
2553,1.0
2554,8.0
2555,1.0
2556,7.0
2557,6.0
2558,0.0
2559,7.0
2560,1.0
2561,6.0
2562,1.0
2563,5.0
2564,7.0
2565,5.0
2566,1.0
2567,5.0
2568,6.0
2569,8.0
2570,1.0
2571,6.0
2572,6.0
2573,0.0
2574,7.0
2575,5.0
2576,7.0
2577,6.0
2578,7.0
2579,3.0
2580,6.0
2581,7.0
2582,1.0
2583,3.0
2584,6.0
2585,3.0
2586,5.0
2587,5.0
2588,8.0
2589,3.0
2590,5.0
2591,0.0
2592,3.0
2593,1.0
2594,3.0
2595,3.0
2596,7.0
2597,6.0
2598,7.0
2599,1.0
2600,1.0
2601,6.0
2602,8.0
2603,5.0
2604,6.0
2605,3.0
2606,1.0
2607,5.0
2608,7.0
2609,1.0
2610,3.0
2611,5.0
2612,2.0
2613,6.0
2614,5.0
2615,7.0
2616,6.0
2617,5.0
2618,1.0
2619,3.0
2620,3.0
2621,1.0
2622,0.0
2623,5.0
2624,6.0
2625,1.0
2626,0.0
2627,1.0
2628,5.0
2629,7.0
2630,0.0
2631,1.0
2632,0.0
2633,7.0
2634,1.0
2635,7.0
2636,6.0
2637,6.0
2638,5.0
2639,6.0
2640,5.0
2641,7.0
2642,1.0
2643,5.0
2644,1.0
2645,0.0
2646,1.0
2647,6.0
2648,0.0
2649,5.0
2650,1.0
2651,1.0
2652,6.0
2653,1.0
2654,7.0
2655,7.0
2656,5.0
2657,6.0
2658,7.0
2659,8.0
2660,5.0
2661,5.0
2662,1.0
2663,1.0
2664,1.0
2665,7.0
2666,3.0
2667,1.0
2668,6.0
2669,3.0
2670,5.0
2671,1.0
2672,6.0
2673,5.0
2674,6.0
2675,7.0
2676,1.0
2677,3.0
2678,7.0
2679,5.0
2680,1.0
2681,5.0
2682,5.0
2683,5.0
2684,7.0
2685,6.0
2686,6.0
2687,3.0
2688,5.0
2689,6.0
2690,3.0
2691,5.0
2692,5.0
2693,1.0
2694,6.0
2695,5.0
2696,6.0
2697,1.0
2698,7.0
2699,3.0
2700,7.0
2701,7.0
2702,5.0
2703,1.0
2704,7.0
2705,7.0
2706,0.0
2707,7.0
2708,1.0
2709,8.0
2710,6.0
2711,1.0
2712,3.0
2713,3.0
2714,5.0
2715,1.0
2716,7.0
2717,3.0
2718,3.0
2719,5.0
2720,6.0
2721,0.0
2722,1.0
2723,6.0
2724,7.0
2725,7.0
2726,6.0
2727,5.0
2728,7.0
2729,5.0
2730,5.0
2731,7.0
2732,3.0
2733,6.0
2734,6.0
2735,1.0
2736,3.0
2737,7.0
2738,5.0
2739,1.0
2740,7.0
2741,1.0
2742,5.0
2743,1.0
2744,7.0
2745,5.0
2746,7.0
2747,7.0
2748,0.0
2749,1.0
2750,1.0
2751,6.0
2752,1.0
2753,3.0
2754,3.0
2755,1.0
2756,6.0
2757,3.0
2758,1.0
2759,1.0
2760,8.0
2761,6.0
2762,6.0
2763,5.0
2764,3.0
2765,1.0
2766,6.0
2767,1.0
2768,3.0
2769,6.0
2770,3.0
2771,1.0
2772,1.0
2773,0.0
2774,5.0
2775,7.0
2776,0.0
2777,5.0
2778,1.0
2779,3.0
2780,1.0
2781,5.0
2782,0.0
2783,0.0
2784,1.0
2785,5.0
2786,5.0
2787,5.0
2788,3.0
2789,6.0
2790,1.0
2791,6.0
2792,8.0
2793,5.0
2794,0.0
2795,3.0
2796,1.0
2797,1.0
2798,5.0
2799,5.0
2800,5.0
2801,5.0
2802,8.0
2803,0.0
2804,5.0
2805,8.0
2806,6.0
2807,7.0
2808,6.0
2809,6.0
2810,1.0
2811,3.0
2812,0.0
2813,3.0
2814,3.0
2815,7.0
2816,6.0
2817,8.0
2818,6.0
2819,5.0
2820,7.0
2821,5.0
2822,1.0
2823,3.0
2824,3.0
2825,3.0
2826,1.0
2827,5.0
2828,1.0
2829,7.0
2830,1.0
2831,3.0
2832,5.0
2833,0.0
2834,7.0
2835,7.0
2836,3.0
2837,3.0
2838,3.0
2839,0.0
2840,0.0
2841,6.0
2842,6.0
2843,6.0
2844,3.0
2845,1.0
2846,8.0
2847,7.0
2848,3.0
2849,8.0
2850,1.0
2851,7.0
2852,0.0
2853,5.0
2854,1.0
2855,5.0
2856,6.0
2857,5.0
2858,3.0
2859,0.0
2860,0.0
2861,5.0
2862,1.0
2863,6.0
2864,7.0
2865,3.0
2866,8.0
2867,1.0
2868,1.0
2869,1.0
2870,8.0
2871,7.0
2872,5.0
2873,1.0
2874,5.0
2875,7.0
2876,5.0
2877,6.0
2878,5.0
2879,0.0
2880,8.0
2881,0.0
2882,1.0
2883,1.0
2884,0.0
2885,1.0
2886,5.0
2887,6.0
2888,0.0
2889,1.0
2890,1.0
2891,6.0
2892,5.0
2893,5.0
2894,5.0
2895,1.0
2896,1.0
2897,3.0
2898,3.0
2899,8.0
2900,7.0
2901,7.0
2902,3.0
2903,1.0
2904,3.0
2905,8.0
2906,0.0
2907,8.0
2908,7.0
2909,3.0
2910,1.0
2911,3.0
2912,1.0
2913,3.0
2914,5.0
2915,5.0
2916,6.0
2917,0.0
2918,1.0
2919,8.0
2920,6.0
2921,3.0
2922,6.0
2923,5.0
2924,6.0
2925,8.0
2926,5.0
2927,0.0
2928,1.0
2929,6.0
2930,8.0
2931,6.0
2932,7.0
2933,0.0
2934,7.0
2935,6.0
2936,5.0
2937,1.0
2938,1.0
2939,1.0
2940,8.0
2941,5.0
2942,3.0
2943,1.0
2944,5.0
2945,5.0
2946,8.0
2947,3.0
2948,1.0
2949,5.0
2950,1.0
2951,1.0
2952,1.0
2953,6.0
2954,5.0
2955,5.0
2956,3.0
2957,0.0
2958,3.0
2959,3.0
2960,3.0
2961,1.0
2962,1.0
2963,7.0
2964,8.0
2965,6.0
2966,1.0
2967,1.0
2968,5.0
2969,1.0
2970,8.0
2971,6.0
2972,6.0
2973,8.0
2974,7.0
2975,5.0
2976,7.0
2977,8.0
2978,1.0
2979,8.0
2980,1.0
2981,8.0
2982,5.0
2983,1.0
2984,7.0
2985,8.0
2986,8.0
2987,5.0
2988,3.0
2989,1.0
2990,5.0
2991,8.0
2992,6.0
2993,3.0
2994,1.0
2995,6.0
2996,5.0
2997,0.0
2998,1.0
2999,7.0
3000,1.0
3001,5.0
3002,1.0
3003,3.0
3004,7.0
3005,0.0
3006,1.0
3007,3.0
3008,8.0
3009,7.0
3010,7.0
3011,3.0
3012,7.0
3013,8.0
3014,1.0
3015,5.0
3016,0.0
3017,3.0
3018,8.0
3019,5.0
3020,6.0
3021,6.0
3022,1.0
3023,0.0
3024,1.0
3025,1.0
3026,8.0
3027,5.0
3028,1.0
3029,3.0
3030,7.0
3031,5.0
3032,0.0
3033,5.0
3034,3.0
3035,3.0
3036,0.0
3037,6.0
3038,6.0
3039,0.0
3040,1.0
3041,1.0
3042,0.0
3043,1.0
3044,8.0
3045,6.0
3046,6.0
3047,7.0
3048,7.0
3049,8.0
3050,8.0
3051,3.0
3052,7.0
3053,1.0
3054,3.0
3055,8.0
3056,6.0
3057,5.0
3058,7.0
3059,5.0
3060,8.0
3061,3.0
3062,1.0
3063,8.0
3064,3.0
3065,6.0
3066,1.0
3067,7.0
3068,5.0
3069,3.0
3070,0.0
3071,1.0
3072,5.0
3073,6.0
3074,0.0
3075,5.0
3076,1.0
3077,5.0
3078,6.0
3079,8.0
3080,7.0
3081,0.0
3082,6.0
3083,1.0
3084,5.0
3085,6.0
3086,5.0
3087,8.0
3088,0.0
3089,5.0
3090,1.0
3091,7.0
3092,1.0
3093,3.0
3094,1.0
3095,3.0
3096,3.0
3097,3.0
3098,5.0
3099,6.0
3100,3.0
3101,1.0
3102,5.0
3103,3.0
3104,5.0
3105,5.0
3106,1.0
3107,6.0
3108,7.0
3109,7.0
3110,7.0
3111,6.0
3112,6.0
3113,1.0
3114,1.0
3115,5.0
3116,7.0
3117,7.0
3118,8.0
3119,8.0
3120,7.0
3121,1.0
3122,5.0
3123,0.0
3124,1.0
3125,7.0
3126,1.0
3127,1.0
3128,7.0
3129,3.0
3130,1.0
3131,1.0
3132,1.0
3133,6.0
3134,1.0
3135,5.0
3136,1.0
3137,6.0
3138,5.0
3139,7.0
3140,5.0
3141,7.0
3142,3.0
3143,5.0
3144,3.0
3145,6.0
3146,5.0
3147,6.0
3148,8.0
3149,6.0
3150,8.0
3151,7.0
3152,7.0
3153,8.0
3154,6.0
3155,1.0
3156,0.0
3157,1.0
3158,3.0
3159,1.0
3160,6.0
3161,7.0
3162,8.0
3163,3.0
3164,5.0
3165,3.0
3166,0.0
3167,1.0
3168,7.0
3169,8.0
3170,5.0
3171,6.0
3172,1.0
3173,7.0
3174,6.0
3175,1.0
3176,1.0
3177,5.0
3178,1.0
3179,5.0
3180,7.0
3181,5.0
3182,7.0
3183,6.0
3184,0.0
3185,5.0
3186,7.0
3187,3.0
3188,6.0
3189,5.0
3190,7.0
3191,1.0
3192,7.0
3193,6.0
3194,1.0
3195,1.0
3196,8.0
3197,1.0
3198,5.0
3199,8.0
3200,1.0
3201,3.0
3202,3.0
3203,5.0
3204,3.0
3205,6.0
3206,5.0
3207,3.0
3208,0.0
3209,5.0
3210,3.0
3211,1.0
3212,1.0
3213,5.0
3214,6.0
3215,0.0
3216,5.0
3217,3.0
3218,1.0
3219,1.0
3220,3.0
3221,6.0
3222,6.0
3223,7.0
3224,3.0
3225,1.0
3226,1.0
3227,1.0
3228,6.0
3229,1.0
3230,5.0
3231,0.0
3232,7.0
3233,1.0
3234,5.0
3235,1.0
3236,1.0
3237,5.0
3238,0.0
3239,8.0
3240,7.0
3241,5.0
3242,5.0
3243,8.0
3244,3.0
3245,1.0
3246,5.0
3247,5.0
3248,7.0
3249,1.0
3250,3.0
3251,1.0
3252,8.0
3253,5.0
3254,6.0
3255,0.0
3256,1.0
3257,6.0
3258,1.0
3259,6.0
3260,3.0
3261,6.0
3262,5.0
3263,6.0
3264,5.0
3265,5.0
3266,3.0
3267,0.0
3268,5.0
3269,8.0
3270,5.0
3271,5.0
3272,8.0
3273,3.0
3274,6.0
3275,0.0
3276,3.0
3277,5.0
3278,5.0
3279,1.0
3280,5.0
3281,6.0
3282,6.0
3283,0.0
3284,7.0
3285,5.0
3286,6.0
3287,5.0
3288,5.0
3289,5.0
3290,1.0
3291,3.0
3292,7.0
3293,7.0
3294,5.0
3295,0.0
3296,6.0
3297,3.0
3298,1.0
3299,1.0
3300,6.0
3301,7.0
3302,1.0
3303,0.0
3304,3.0
3305,5.0
3306,7.0
3307,5.0
3308,0.0
3309,6.0
3310,5.0
3311,1.0
3312,3.0
3313,7.0
3314,3.0
3315,1.0
3316,6.0
3317,5.0
3318,1.0
3319,6.0
3320,6.0
3321,5.0
3322,1.0
3323,3.0
3324,7.0
3325,8.0
3326,5.0
3327,6.0
3328,1.0
3329,0.0
3330,7.0
3331,3.0
3332,3.0
3333,3.0
3334,6.0
3335,3.0
3336,8.0
3337,7.0
3338,3.0
3339,0.0
3340,6.0
3341,0.0
3342,5.0
3343,6.0
3344,3.0
3345,8.0
3346,0.0
3347,7.0
3348,8.0
3349,1.0
3350,6.0
3351,0.0
3352,5.0
3353,7.0
3354,1.0
3355,0.0
3356,8.0
3357,1.0
3358,5.0
3359,0.0
3360,8.0
3361,7.0
3362,6.0
3363,5.0
3364,1.0
3365,3.0
3366,3.0
3367,0.0
3368,6.0
3369,3.0
3370,7.0
3371,6.0
3372,3.0
3373,5.0
3374,6.0
3375,6.0
3376,6.0
3377,1.0
3378,6.0
3379,7.0
3380,0.0
3381,8.0
3382,0.0
3383,1.0
3384,3.0
3385,1.0
3386,3.0
3387,8.0
3388,0.0
3389,3.0
3390,6.0
3391,3.0
3392,1.0
3393,1.0
3394,1.0
3395,1.0
3396,6.0
3397,3.0
3398,0.0
3399,0.0
3400,8.0
3401,1.0
3402,6.0
3403,8.0
3404,5.0
3405,1.0
3406,1.0
3407,6.0
3408,0.0
3409,5.0
3410,8.0
3411,5.0
3412,3.0
3413,0.0
3414,3.0
3415,1.0
3416,6.0
3417,1.0
3418,6.0
3419,6.0
3420,5.0
3421,6.0
3422,8.0
3423,5.0
3424,5.0
3425,3.0
3426,0.0
3427,1.0
3428,5.0
3429,0.0
3430,3.0
3431,8.0
3432,7.0
3433,8.0
3434,3.0
3435,6.0
3436,5.0
3437,5.0
3438,1.0
3439,1.0
3440,1.0
3441,3.0
3442,3.0
3443,1.0
3444,7.0
3445,3.0
3446,6.0
3447,1.0
3448,5.0
3449,1.0
3450,1.0
3451,6.0
3452,0.0
3453,1.0
3454,0.0
3455,0.0
3456,5.0
3457,5.0
3458,3.0
3459,0.0
3460,5.0
3461,6.0
3462,6.0
3463,1.0
3464,6.0
3465,6.0
3466,1.0
3467,1.0
3468,8.0
3469,6.0
3470,5.0
3471,3.0
3472,5.0
3473,3.0
3474,5.0
3475,5.0
3476,7.0
3477,5.0
3478,3.0
3479,3.0
3480,5.0
3481,1.0
3482,5.0
3483,5.0
3484,5.0
3485,6.0
3486,3.0
3487,5.0
3488,3.0
3489,0.0
3490,0.0
3491,7.0
3492,0.0
3493,0.0
3494,0.0
3495,5.0
3496,0.0
3497,5.0
3498,8.0
3499,0.0
3500,3.0
3501,3.0
3502,5.0
3503,7.0
3504,3.0
3505,5.0
3506,5.0
3507,3.0
3508,8.0
3509,8.0
3510,1.0
3511,7.0
3512,3.0
3513,0.0
3514,1.0
3515,1.0
3516,0.0
3517,1.0
3518,7.0
3519,6.0
3520,1.0
3521,6.0
3522,1.0
3523,7.0
3524,7.0
3525,8.0
3526,0.0
3527,5.0
3528,8.0
3529,1.0
3530,1.0
3531,1.0
3532,6.0
3533,0.0
3534,0.0
3535,6.0
3536,5.0
3537,0.0
3538,3.0
3539,1.0
3540,6.0
3541,5.0
3542,1.0
3543,5.0
3544,7.0
3545,6.0
3546,5.0
3547,6.0
3548,6.0
3549,1.0
3550,3.0
3551,1.0
3552,0.0
3553,3.0
3554,6.0
3555,1.0
3556,1.0
3557,6.0
3558,6.0
3559,3.0
3560,7.0
3561,3.0
3562,7.0
3563,5.0
3564,5.0
3565,5.0
3566,5.0
3567,7.0
3568,7.0
3569,6.0
3570,3.0
3571,1.0
3572,3.0
3573,3.0
3574,6.0
3575,8.0
3576,1.0
3577,7.0
3578,1.0
3579,3.0
3580,1.0
3581,5.0
3582,8.0
3583,1.0
3584,5.0
3585,0.0
3586,3.0
3587,6.0
3588,6.0
3589,1.0
3590,8.0
3591,7.0
3592,1.0
3593,5.0
3594,5.0
3595,8.0
3596,1.0
3597,1.0
3598,3.0
3599,6.0
3600,5.0
3601,0.0
3602,8.0
3603,7.0
3604,6.0
3605,5.0
3606,7.0
3607,3.0
3608,5.0
3609,7.0
3610,1.0
3611,1.0
3612,7.0
3613,1.0
3614,3.0
3615,3.0
3616,5.0
3617,7.0
3618,0.0
3619,1.0
3620,8.0
3621,5.0
3622,1.0
3623,1.0
3624,6.0
3625,0.0
3626,7.0
3627,8.0
3628,5.0
3629,3.0
3630,3.0
3631,0.0
3632,1.0
3633,7.0
3634,7.0
3635,8.0
3636,6.0
3637,1.0
3638,5.0
3639,7.0
3640,3.0
3641,7.0
3642,3.0
3643,6.0
3644,6.0
3645,7.0
3646,1.0
3647,6.0
3648,3.0
3649,6.0
3650,1.0
3651,1.0
3652,3.0
3653,6.0
3654,7.0
3655,1.0
3656,1.0
3657,3.0
3658,0.0
3659,6.0
3660,3.0
3661,8.0
3662,6.0
3663,6.0
3664,1.0
3665,7.0
3666,0.0
3667,3.0
3668,1.0
3669,6.0
3670,1.0
3671,8.0
3672,3.0
3673,7.0
3674,6.0
3675,1.0
3676,5.0
3677,0.0
3678,3.0
3679,8.0
3680,5.0
3681,3.0
3682,0.0
3683,5.0
3684,0.0
3685,1.0
3686,5.0
3687,1.0
3688,0.0
3689,5.0
3690,3.0
3691,5.0
3692,0.0
3693,0.0
3694,1.0
3695,8.0
3696,0.0
3697,5.0
3698,6.0
3699,1.0
3700,3.0
3701,6.0
3702,5.0
3703,0.0
3704,7.0
3705,0.0
3706,0.0
3707,1.0
3708,6.0
3709,0.0
3710,7.0
3711,1.0
3712,5.0
3713,0.0
3714,1.0
3715,0.0
3716,1.0
3717,0.0
3718,1.0
3719,3.0
3720,5.0
3721,1.0
3722,1.0
3723,1.0
3724,3.0
3725,5.0
3726,6.0
3727,7.0
3728,6.0
3729,6.0
3730,5.0
3731,6.0
3732,1.0
3733,5.0
3734,6.0
3735,1.0
3736,3.0
3737,3.0
3738,5.0
3739,1.0
3740,7.0
3741,1.0
3742,1.0
3743,5.0
3744,6.0
3745,1.0
3746,5.0
3747,1.0
3748,0.0
3749,1.0
3750,5.0
3751,3.0
3752,0.0
3753,1.0
3754,0.0
3755,5.0
3756,7.0
3757,1.0
3758,5.0
3759,6.0
3760,3.0
3761,3.0
3762,8.0
3763,5.0
3764,6.0
3765,7.0
3766,7.0
3767,6.0
3768,1.0
3769,7.0
3770,5.0
3771,1.0
3772,7.0
3773,1.0
3774,5.0
3775,0.0
3776,1.0
3777,0.0
3778,7.0
3779,5.0
3780,8.0
3781,1.0
3782,3.0
3783,1.0
3784,8.0
3785,6.0
3786,3.0
3787,3.0
3788,1.0
3789,7.0
3790,6.0
3791,6.0
3792,6.0
3793,3.0
3794,6.0
3795,3.0
3796,5.0
3797,3.0
3798,1.0
3799,1.0
3800,0.0
3801,3.0
3802,6.0
3803,7.0
3804,1.0
3805,5.0
3806,1.0
3807,3.0
3808,7.0
3809,0.0
3810,5.0
3811,0.0
3812,0.0
3813,7.0
3814,3.0
3815,7.0
3816,1.0
3817,1.0
3818,5.0
3819,0.0
3820,5.0
3821,6.0
3822,3.0
3823,3.0
3824,1.0
3825,8.0
3826,6.0
3827,5.0
3828,5.0
3829,0.0
3830,0.0
3831,5.0
3832,5.0
3833,3.0
3834,5.0
3835,3.0
3836,6.0
3837,8.0
3838,7.0
3839,3.0
3840,1.0
3841,3.0
3842,5.0
3843,6.0
3844,5.0
3845,1.0
3846,1.0
3847,5.0
3848,5.0
3849,0.0
3850,5.0
3851,3.0
3852,1.0
3853,5.0
3854,0.0
3855,8.0
3856,6.0
3857,5.0
3858,6.0
3859,5.0
3860,0.0
3861,6.0
3862,8.0
3863,3.0
3864,8.0
3865,0.0
3866,1.0
3867,0.0
3868,8.0
3869,6.0
3870,7.0
3871,6.0
3872,5.0
3873,7.0
3874,8.0
3875,1.0
3876,5.0
3877,0.0
3878,5.0
3879,1.0
3880,0.0
3881,5.0
3882,1.0
3883,3.0
3884,1.0
3885,3.0
3886,7.0
3887,5.0
3888,3.0
3889,8.0
3890,1.0
3891,5.0
3892,6.0
3893,3.0
3894,1.0
3895,7.0
3896,6.0
3897,3.0
3898,1.0
3899,7.0
3900,3.0
3901,1.0
3902,3.0
3903,1.0
3904,1.0
3905,1.0
3906,6.0
3907,5.0
3908,1.0
3909,6.0
3910,0.0
3911,6.0
3912,6.0
3913,5.0
3914,3.0
3915,1.0
3916,1.0
3917,3.0
3918,3.0
3919,1.0
3920,5.0
3921,6.0
3922,3.0
3923,1.0
3924,7.0
3925,1.0
3926,5.0
3927,5.0
3928,6.0
3929,7.0
3930,1.0
3931,5.0
3932,5.0
3933,5.0
3934,5.0
3935,0.0
3936,3.0
3937,5.0
3938,1.0
3939,3.0
3940,6.0
3941,6.0
3942,5.0
3943,5.0
3944,6.0
3945,7.0
3946,1.0
3947,0.0
3948,1.0
3949,5.0
3950,7.0
3951,1.0
3952,0.0
3953,1.0
3954,8.0
3955,1.0
3956,5.0
3957,5.0
3958,5.0
3959,6.0
3960,0.0
3961,3.0
3962,1.0
3963,7.0
3964,1.0
3965,1.0
3966,1.0
3967,5.0
3968,0.0
3969,5.0
3970,0.0
3971,3.0
3972,7.0
3973,1.0
3974,3.0
3975,0.0
3976,6.0
3977,5.0
3978,0.0
3979,3.0
3980,0.0
3981,7.0
3982,1.0
3983,5.0
3984,8.0
3985,8.0
3986,8.0
3987,7.0
3988,1.0
3989,0.0
3990,8.0
3991,8.0
3992,7.0
3993,7.0
3994,1.0
3995,1.0
3996,0.0
3997,8.0
3998,5.0
3999,6.0
4000,0.0
4001,3.0
4002,6.0
4003,5.0
4004,1.0
4005,0.0
4006,5.0
4007,3.0
4008,0.0
4009,3.0
4010,5.0
4011,0.0
4012,7.0
4013,5.0
4014,8.0
4015,6.0
4016,1.0
4017,6.0
4018,1.0
4019,0.0
4020,0.0
4021,6.0
4022,7.0
4023,5.0
4024,5.0
4025,6.0
4026,1.0
4027,7.0
4028,3.0
4029,6.0
4030,3.0
4031,1.0
4032,6.0
4033,6.0
4034,7.0
4035,0.0
4036,0.0
4037,7.0
4038,5.0
4039,1.0
4040,6.0
4041,1.0
4042,1.0
4043,3.0
4044,7.0
4045,5.0
4046,8.0
4047,5.0
4048,3.0
4049,6.0
4050,1.0
4051,6.0
4052,8.0
4053,7.0
4054,1.0
4055,5.0
4056,3.0
4057,3.0
4058,6.0
4059,3.0
4060,3.0
4061,0.0
4062,1.0
4063,1.0
4064,5.0
4065,1.0
4066,0.0
4067,3.0
4068,3.0
4069,1.0
4070,3.0
4071,5.0
4072,3.0
4073,3.0
4074,8.0
4075,3.0
4076,6.0
4077,3.0
4078,1.0
4079,1.0
4080,8.0
4081,7.0
4082,3.0
4083,3.0
4084,5.0
4085,1.0
4086,1.0
4087,5.0
4088,3.0
4089,1.0
4090,0.0
4091,0.0
4092,5.0
4093,7.0
4094,1.0
4095,0.0
4096,5.0
4097,6.0
4098,7.0
4099,1.0
4100,1.0
4101,7.0
4102,5.0
4103,3.0
4104,3.0
4105,8.0
4106,6.0
4107,3.0
4108,1.0
4109,3.0
4110,1.0
4111,5.0
4112,7.0
4113,6.0
4114,1.0
4115,8.0
4116,8.0
4117,5.0
4118,5.0
4119,5.0
4120,7.0
4121,1.0
4122,1.0
4123,5.0
4124,6.0
4125,7.0
4126,1.0
4127,6.0
4128,7.0
4129,3.0
4130,3.0
4131,3.0
4132,3.0
4133,3.0
4134,1.0
4135,1.0
4136,1.0
4137,7.0
4138,7.0
4139,6.0
4140,1.0
4141,5.0
4142,1.0
4143,5.0
4144,5.0
4145,0.0
4146,3.0
4147,1.0
4148,5.0
4149,3.0
4150,3.0
4151,0.0
4152,5.0
4153,3.0
4154,0.0
4155,1.0
4156,6.0
4157,5.0
4158,0.0
4159,0.0
4160,1.0
4161,1.0
4162,6.0
4163,3.0
4164,5.0
4165,3.0
4166,3.0
4167,5.0
4168,8.0
4169,8.0
4170,6.0
4171,3.0
4172,1.0
4173,6.0
4174,5.0
4175,7.0
4176,5.0
4177,7.0
4178,1.0
4179,3.0
4180,3.0
4181,5.0
4182,0.0
4183,3.0
4184,7.0
4185,3.0
4186,1.0
4187,3.0
4188,3.0
4189,5.0
4190,5.0
4191,8.0
4192,1.0
4193,5.0
4194,6.0
4195,8.0
4196,7.0
4197,5.0
4198,6.0
4199,5.0
4200,6.0
4201,1.0
4202,6.0
4203,5.0
4204,1.0
4205,8.0
4206,6.0
4207,8.0
4208,6.0
4209,6.0
4210,1.0
4211,7.0
4212,8.0
4213,0.0
4214,8.0
4215,0.0
4216,1.0
4217,1.0
4218,1.0
4219,3.0
4220,1.0
4221,5.0
4222,3.0
4223,7.0
4224,8.0
4225,6.0
4226,5.0
4227,3.0
4228,3.0
4229,6.0
4230,3.0
4231,5.0
4232,6.0
4233,8.0
4234,7.0
4235,6.0
4236,1.0
4237,1.0
4238,1.0
4239,1.0
4240,7.0
4241,7.0
4242,3.0
4243,1.0
4244,6.0
4245,3.0
4246,6.0
4247,5.0
4248,1.0
4249,3.0
4250,5.0
4251,3.0
4252,8.0
4253,8.0
4254,1.0
4255,3.0
4256,1.0
4257,1.0
4258,6.0
4259,3.0
4260,6.0
4261,3.0
4262,3.0
4263,7.0
4264,0.0
4265,3.0
4266,7.0
4267,1.0
4268,8.0
4269,1.0
4270,1.0
4271,0.0
4272,3.0
4273,5.0
4274,1.0
4275,3.0
4276,3.0
4277,6.0
4278,3.0
4279,1.0
4280,5.0
4281,0.0
4282,0.0
4283,6.0
4284,5.0
4285,8.0
4286,3.0
4287,6.0
4288,1.0
4289,0.0
4290,5.0
4291,6.0
4292,5.0
4293,5.0
4294,1.0
4295,8.0
4296,0.0
4297,3.0
4298,1.0
4299,7.0
4300,7.0
4301,1.0
4302,8.0
4303,0.0
4304,3.0
4305,1.0
4306,6.0
4307,7.0
4308,3.0
4309,7.0
4310,1.0
4311,5.0
4312,0.0
4313,5.0
4314,3.0
4315,5.0
4316,7.0
4317,1.0
4318,1.0
4319,5.0
4320,1.0
4321,5.0
4322,3.0
4323,3.0
4324,6.0
4325,1.0
4326,3.0
4327,1.0
4328,6.0
4329,7.0
4330,6.0
4331,5.0
4332,5.0
4333,7.0
4334,5.0
4335,7.0
4336,6.0
4337,5.0
4338,5.0
4339,1.0
4340,5.0
4341,8.0
4342,0.0
4343,5.0
4344,1.0
4345,1.0
4346,6.0
4347,8.0
4348,0.0
4349,5.0
4350,0.0
4351,0.0
4352,5.0
4353,5.0
4354,6.0
4355,1.0
4356,3.0
4357,3.0
4358,6.0
4359,3.0
4360,3.0
4361,6.0
4362,5.0
4363,0.0
4364,6.0
4365,6.0
4366,5.0
4367,5.0
4368,7.0
4369,3.0
4370,1.0
4371,8.0
4372,0.0
4373,5.0
4374,0.0
4375,6.0
4376,0.0
4377,0.0
4378,5.0
4379,8.0
4380,3.0
4381,0.0
4382,1.0
4383,6.0
4384,6.0
4385,1.0
4386,3.0
4387,6.0
4388,6.0
4389,1.0
4390,1.0
4391,7.0
4392,7.0
4393,7.0
4394,5.0
4395,6.0
4396,1.0
4397,5.0
4398,7.0
4399,3.0
4400,0.0
4401,5.0
4402,1.0
4403,1.0
4404,5.0
4405,1.0
4406,1.0
4407,5.0
4408,0.0
4409,1.0
4410,1.0
4411,3.0
4412,1.0
4413,1.0
4414,1.0
4415,5.0
4416,3.0
4417,8.0
4418,5.0
4419,6.0
4420,5.0
4421,1.0
4422,0.0
4423,5.0
4424,5.0
4425,1.0
4426,6.0
4427,1.0
4428,5.0
4429,8.0
4430,1.0
4431,3.0
4432,6.0
4433,5.0
4434,5.0
4435,0.0
4436,1.0
4437,7.0
4438,0.0
4439,6.0
4440,6.0
4441,3.0
4442,3.0
4443,6.0
4444,6.0
4445,1.0
4446,1.0
4447,7.0
4448,1.0
4449,5.0
4450,0.0
4451,6.0
4452,1.0
4453,1.0
4454,8.0
4455,6.0
4456,7.0
4457,6.0
4458,7.0
4459,5.0
4460,1.0
4461,1.0
4462,6.0
4463,6.0
4464,3.0
4465,1.0
4466,1.0
4467,7.0
4468,3.0
4469,3.0
4470,1.0
4471,3.0
4472,5.0
4473,1.0
4474,7.0
4475,1.0
4476,8.0
4477,3.0
4478,1.0
4479,5.0
4480,5.0
4481,1.0
4482,5.0
4483,6.0
4484,8.0
4485,3.0
4486,1.0
4487,7.0
4488,6.0
4489,7.0
4490,6.0
4491,6.0
4492,5.0
4493,6.0
4494,3.0
4495,6.0
4496,0.0
4497,3.0
4498,7.0
4499,1.0
4500,5.0
4501,3.0
4502,3.0
4503,5.0
4504,8.0
4505,5.0
4506,5.0
4507,3.0
4508,5.0
4509,5.0
4510,6.0
4511,6.0
4512,3.0
4513,0.0
4514,1.0
4515,8.0
4516,6.0
4517,1.0
4518,1.0
4519,5.0
4520,8.0
4521,1.0
4522,3.0
4523,6.0
4524,1.0
4525,3.0
4526,3.0
4527,8.0
4528,6.0
4529,1.0
4530,1.0
4531,1.0
4532,7.0
4533,0.0
4534,5.0
4535,6.0
4536,1.0
4537,7.0
4538,1.0
4539,5.0
4540,3.0
4541,0.0
4542,6.0
4543,5.0
4544,1.0
4545,6.0
4546,1.0
4547,7.0
4548,8.0
4549,3.0
4550,8.0
4551,0.0
4552,3.0
4553,5.0
4554,5.0
4555,3.0
4556,1.0
4557,3.0
4558,7.0
4559,5.0
4560,6.0
4561,6.0
4562,5.0
4563,3.0
4564,7.0
4565,5.0
4566,5.0
4567,7.0
4568,1.0
4569,0.0
4570,1.0
4571,6.0
4572,6.0
4573,1.0
4574,7.0
4575,6.0
4576,5.0
4577,8.0
4578,1.0
4579,1.0
4580,7.0
4581,7.0
4582,3.0
4583,1.0
4584,8.0
4585,5.0
4586,1.0
4587,5.0
4588,5.0
4589,5.0
4590,6.0
4591,3.0
4592,3.0
4593,1.0
4594,8.0
4595,7.0
4596,7.0
4597,3.0
4598,3.0
4599,8.0
4600,1.0
4601,1.0
4602,5.0
4603,7.0
4604,3.0
4605,0.0
4606,3.0
4607,1.0
4608,3.0
4609,5.0
4610,7.0
4611,7.0
4612,5.0
4613,8.0
4614,5.0
4615,0.0
4616,8.0
4617,0.0
4618,3.0
4619,1.0
4620,6.0
4621,0.0
4622,6.0
4623,5.0
4624,5.0
4625,1.0
4626,6.0
4627,0.0
4628,1.0
4629,5.0
4630,3.0
4631,0.0
4632,6.0
4633,0.0
4634,1.0
4635,5.0
4636,7.0
4637,1.0
4638,3.0
4639,6.0
4640,3.0
4641,1.0
4642,6.0
4643,1.0
4644,3.0
4645,5.0
4646,0.0
4647,3.0
4648,6.0
4649,0.0
4650,5.0
4651,1.0
4652,8.0
4653,1.0
4654,6.0
4655,5.0
4656,7.0
4657,5.0
4658,3.0
4659,5.0
4660,3.0
4661,6.0
4662,3.0
4663,7.0
4664,1.0
4665,1.0
4666,1.0
4667,0.0
4668,6.0
4669,1.0
4670,7.0
4671,8.0
4672,1.0
4673,7.0
4674,5.0
4675,6.0
4676,6.0
4677,3.0
4678,8.0
4679,6.0
4680,5.0
4681,3.0
4682,1.0
4683,3.0
4684,6.0
4685,6.0
4686,3.0
4687,0.0
4688,1.0
4689,8.0
4690,7.0
4691,5.0
4692,3.0
4693,5.0
4694,0.0
4695,8.0
4696,5.0
4697,5.0
4698,1.0
4699,7.0
4700,1.0
4701,1.0
4702,0.0
4703,3.0
4704,8.0
4705,8.0
4706,0.0
4707,6.0
4708,0.0
4709,7.0
4710,7.0
4711,3.0
4712,6.0
4713,5.0
4714,8.0
4715,3.0
4716,8.0
4717,1.0
4718,5.0
4719,7.0
4720,3.0
4721,1.0
4722,6.0
4723,1.0
4724,5.0
4725,3.0
4726,5.0
4727,8.0
4728,0.0
4729,7.0
4730,5.0
4731,5.0
4732,6.0
4733,3.0
4734,3.0
4735,6.0
4736,5.0
4737,1.0
4738,0.0
4739,0.0
4740,1.0
4741,5.0
4742,5.0
4743,1.0
4744,5.0
4745,5.0
4746,5.0
4747,5.0
4748,6.0
4749,1.0
4750,5.0
4751,3.0
4752,5.0
4753,0.0
4754,3.0
4755,6.0
4756,3.0
4757,1.0
4758,3.0
4759,6.0
4760,7.0
4761,5.0
4762,1.0
4763,6.0
4764,5.0
4765,3.0
4766,5.0
4767,3.0
4768,6.0
4769,1.0
4770,0.0
4771,1.0
4772,5.0
4773,6.0
4774,7.0
4775,5.0
4776,6.0
4777,3.0
4778,7.0
4779,6.0
4780,6.0
4781,1.0
4782,0.0
4783,7.0
4784,5.0
4785,1.0
4786,6.0
4787,1.0
4788,5.0
4789,5.0
4790,3.0
4791,6.0
4792,5.0
4793,1.0
4794,5.0
4795,6.0
4796,0.0
4797,3.0
4798,3.0
4799,1.0
4800,6.0
4801,5.0
4802,6.0
4803,0.0
4804,1.0
4805,8.0
4806,3.0
4807,5.0
4808,1.0
4809,0.0
4810,1.0
4811,1.0
4812,0.0
4813,7.0
4814,3.0
4815,6.0
4816,3.0
4817,1.0
4818,7.0
4819,5.0
4820,5.0
4821,0.0
4822,1.0
4823,1.0
4824,5.0
4825,7.0
4826,1.0
4827,1.0
4828,6.0
4829,1.0
4830,3.0
4831,5.0
4832,1.0
4833,7.0
4834,1.0
4835,7.0
4836,6.0
4837,6.0
4838,5.0
4839,6.0
4840,7.0
4841,5.0
4842,1.0
4843,0.0
4844,8.0
4845,6.0
4846,5.0
4847,7.0
4848,0.0
4849,5.0
4850,5.0
4851,1.0
4852,3.0
4853,3.0
4854,6.0
4855,1.0
4856,3.0
4857,7.0
4858,6.0
4859,0.0
4860,3.0
4861,6.0
4862,3.0
4863,3.0
4864,6.0
4865,3.0
4866,1.0
4867,6.0
4868,7.0
4869,0.0
4870,7.0
4871,0.0
4872,7.0
4873,5.0
4874,1.0
4875,5.0
4876,1.0
4877,6.0
4878,3.0
4879,1.0
4880,6.0
4881,6.0
4882,1.0
4883,7.0
4884,3.0
4885,1.0
4886,3.0
4887,0.0
4888,3.0
4889,8.0
4890,0.0
4891,5.0
4892,1.0
4893,0.0
4894,1.0
4895,6.0
4896,1.0
4897,3.0
4898,0.0
4899,1.0
4900,6.0
4901,1.0
4902,3.0
4903,6.0
4904,1.0
4905,6.0
4906,1.0
4907,6.0
4908,5.0
4909,6.0
4910,5.0
4911,7.0
4912,7.0
4913,1.0
4914,5.0
4915,7.0
4916,3.0
4917,1.0
4918,1.0
4919,1.0
4920,1.0
4921,1.0
4922,7.0
4923,1.0
4924,1.0
4925,5.0
4926,5.0
4927,5.0
4928,6.0
4929,5.0
4930,3.0
4931,5.0
4932,5.0
4933,0.0
4934,1.0
4935,0.0
4936,6.0
4937,5.0
4938,5.0
4939,5.0
4940,1.0
4941,5.0
4942,7.0
4943,1.0
4944,5.0
4945,5.0
4946,5.0
4947,6.0
4948,8.0
4949,6.0
4950,0.0
4951,3.0
4952,6.0
4953,7.0
4954,6.0
4955,6.0
4956,5.0
4957,7.0
4958,5.0
4959,5.0
4960,3.0
4961,8.0
4962,5.0
4963,5.0
4964,6.0
4965,8.0
4966,6.0
4967,1.0
4968,8.0
4969,1.0
4970,5.0
4971,5.0
4972,6.0
4973,5.0
4974,6.0
4975,5.0
4976,8.0
4977,8.0
4978,6.0
4979,0.0
4980,5.0
4981,8.0
4982,3.0
4983,3.0
4984,7.0
4985,6.0
4986,3.0
4987,5.0
4988,1.0
4989,0.0
4990,5.0
4991,1.0
4992,1.0
4993,3.0
4994,7.0
4995,5.0
4996,3.0
4997,5.0
4998,1.0
4999,7.0
5000,1.0
5001,0.0
5002,5.0
5003,8.0
5004,1.0
5005,7.0
5006,8.0
5007,8.0
5008,3.0
5009,1.0
5010,8.0
5011,6.0
5012,5.0
5013,0.0
5014,6.0
5015,7.0
5016,1.0
5017,1.0
5018,6.0
5019,3.0
5020,7.0
5021,0.0
5022,6.0
5023,7.0
5024,8.0
5025,1.0
5026,3.0
5027,1.0
5028,7.0
5029,1.0
5030,5.0
5031,7.0
5032,1.0
5033,1.0
5034,3.0
5035,7.0
5036,5.0
5037,1.0
5038,5.0
5039,5.0
5040,1.0
5041,3.0
5042,3.0
5043,0.0
5044,6.0
5045,7.0
5046,5.0
5047,7.0
5048,6.0
5049,3.0
5050,1.0
5051,7.0
5052,5.0
5053,3.0
5054,5.0
5055,6.0
5056,1.0
5057,8.0
5058,8.0
5059,0.0
5060,3.0
5061,3.0
5062,1.0
5063,1.0
5064,6.0
5065,3.0
5066,6.0
5067,5.0
5068,8.0
5069,5.0
5070,1.0
5071,1.0
5072,5.0
5073,1.0
5074,1.0
5075,3.0
5076,3.0
5077,3.0
5078,0.0
5079,5.0
5080,6.0
5081,5.0
5082,0.0
5083,3.0
5084,7.0
5085,3.0
5086,1.0
5087,6.0
5088,6.0
5089,3.0
5090,1.0
5091,6.0
5092,5.0
5093,6.0
5094,7.0
5095,1.0
5096,5.0
5097,0.0
5098,0.0
5099,3.0
5100,5.0
5101,3.0
5102,6.0
5103,5.0
5104,5.0
5105,1.0
5106,5.0
5107,5.0
5108,3.0
5109,0.0
5110,7.0
5111,1.0
5112,1.0
5113,5.0
5114,0.0
5115,3.0
5116,6.0
5117,0.0
5118,1.0
5119,1.0
5120,5.0
5121,0.0
5122,6.0
5123,5.0
5124,8.0
5125,7.0
5126,5.0
5127,3.0
5128,5.0
5129,7.0
5130,1.0
5131,6.0
5132,5.0
5133,1.0
5134,1.0
5135,5.0
5136,3.0
5137,0.0
5138,5.0
5139,7.0
5140,3.0
5141,6.0
5142,0.0
5143,1.0
5144,0.0
5145,7.0
5146,8.0
5147,1.0
5148,5.0
5149,1.0
5150,1.0
5151,6.0
5152,5.0
5153,8.0
5154,5.0
5155,1.0
5156,1.0
5157,1.0
5158,1.0
5159,0.0
5160,0.0
5161,5.0
5162,0.0
5163,1.0
5164,5.0
5165,1.0
5166,1.0
5167,3.0
5168,8.0
5169,0.0
5170,3.0
5171,7.0
5172,6.0
5173,6.0
5174,3.0
5175,5.0
5176,3.0
5177,3.0
5178,1.0
5179,0.0
5180,3.0
5181,6.0
5182,7.0
5183,5.0
5184,6.0
5185,7.0
5186,5.0
5187,3.0
5188,8.0
5189,3.0
5190,8.0
5191,5.0
5192,5.0
5193,0.0
5194,3.0
5195,6.0
5196,8.0
5197,1.0
5198,8.0
5199,3.0
5200,1.0
5201,3.0
5202,3.0
5203,6.0
5204,6.0
5205,6.0
5206,5.0
5207,6.0
5208,3.0
5209,3.0
5210,0.0
5211,5.0
5212,3.0
5213,6.0
5214,1.0
5215,6.0
5216,0.0
5217,1.0
5218,6.0
5219,1.0
5220,1.0
5221,7.0
5222,6.0
5223,0.0
5224,1.0
5225,1.0
5226,1.0
5227,0.0
5228,0.0
5229,6.0
5230,7.0
5231,3.0
5232,0.0
5233,7.0
5234,1.0
5235,3.0
5236,3.0
5237,1.0
5238,3.0
5239,5.0
5240,3.0
5241,6.0
5242,5.0
5243,1.0
5244,5.0
5245,6.0
5246,3.0
5247,7.0
5248,7.0
5249,6.0
5250,1.0
5251,1.0
5252,0.0
5253,5.0
5254,0.0
5255,5.0
5256,1.0
5257,1.0
5258,6.0
5259,0.0
5260,1.0
5261,1.0
5262,0.0
5263,5.0
5264,5.0
5265,6.0
5266,3.0
5267,0.0
5268,8.0
5269,8.0
5270,3.0
5271,1.0
5272,0.0
5273,1.0
5274,6.0
5275,1.0
5276,1.0
5277,6.0
5278,1.0
5279,1.0
5280,1.0
5281,0.0
5282,1.0
5283,6.0
5284,0.0
5285,1.0
5286,1.0
5287,3.0
5288,5.0
5289,1.0
5290,7.0
5291,5.0
5292,5.0
5293,6.0
5294,1.0
5295,1.0
5296,1.0
5297,3.0
5298,6.0
5299,7.0
5300,1.0
5301,7.0
5302,1.0
5303,5.0
5304,5.0
5305,8.0
5306,7.0
5307,1.0
5308,5.0
5309,1.0
5310,6.0
5311,0.0
5312,1.0
5313,6.0
5314,7.0
5315,3.0
5316,1.0
5317,7.0
5318,0.0
5319,1.0
5320,1.0
5321,5.0
5322,0.0
5323,5.0
5324,5.0
5325,6.0
5326,3.0
5327,1.0
5328,3.0
5329,0.0
5330,8.0
5331,5.0
5332,1.0
5333,7.0
5334,1.0
5335,1.0
5336,5.0
5337,6.0
5338,3.0
5339,0.0
5340,1.0
5341,1.0
5342,3.0
5343,7.0
5344,5.0
5345,3.0
5346,0.0
5347,5.0
5348,8.0
5349,1.0
5350,7.0
5351,5.0
5352,8.0
5353,6.0
5354,3.0
5355,1.0
5356,1.0
5357,8.0
5358,5.0
5359,1.0
5360,5.0
5361,5.0
5362,3.0
5363,3.0
5364,0.0
5365,5.0
5366,7.0
5367,0.0
5368,8.0
5369,5.0
5370,5.0
5371,1.0
5372,1.0
5373,7.0
5374,5.0
5375,6.0
5376,0.0
5377,7.0
5378,6.0
5379,5.0
5380,5.0
5381,5.0
5382,0.0
5383,3.0
5384,5.0
5385,7.0
5386,3.0
5387,1.0
5388,6.0
5389,3.0
5390,1.0
5391,1.0
5392,6.0
5393,0.0
5394,0.0
5395,5.0
5396,3.0
5397,3.0
5398,7.0
5399,3.0
5400,0.0
5401,1.0
5402,5.0
5403,5.0
5404,6.0
5405,7.0
5406,3.0
5407,5.0
5408,5.0
5409,6.0
5410,7.0
5411,5.0
5412,3.0
5413,1.0
5414,1.0
5415,5.0
5416,7.0
5417,0.0
5418,7.0
5419,0.0
5420,7.0
5421,3.0
5422,1.0
5423,3.0
5424,1.0
5425,3.0
5426,1.0
5427,0.0
5428,6.0
5429,3.0
5430,1.0
5431,7.0
5432,7.0
5433,0.0
5434,3.0
5435,7.0
5436,6.0
5437,5.0
5438,3.0
5439,3.0
5440,5.0
5441,1.0
5442,5.0
5443,3.0
5444,0.0
5445,0.0
5446,7.0
5447,1.0
5448,5.0
5449,3.0
5450,6.0
5451,3.0
5452,1.0
5453,6.0
5454,7.0
5455,5.0
5456,5.0
5457,1.0
5458,1.0
5459,3.0
5460,7.0
5461,7.0
5462,7.0
5463,0.0
5464,1.0
5465,5.0
5466,5.0
5467,1.0
5468,1.0
5469,1.0
5470,6.0
5471,3.0
5472,1.0
5473,5.0
5474,3.0
5475,5.0
5476,7.0
5477,1.0
5478,5.0
5479,6.0
5480,6.0
5481,0.0
5482,1.0
5483,5.0
5484,5.0
5485,3.0
5486,5.0
5487,3.0
5488,6.0
5489,6.0
5490,3.0
5491,5.0
5492,5.0
5493,7.0
5494,3.0
5495,6.0
5496,1.0
5497,5.0
5498,3.0
5499,1.0
5500,7.0
5501,1.0
5502,1.0
5503,3.0
5504,6.0
5505,0.0
5506,1.0
5507,0.0
5508,6.0
5509,6.0
5510,3.0
5511,3.0
5512,5.0
5513,7.0
5514,6.0
5515,3.0
5516,1.0
5517,1.0
5518,0.0
5519,3.0
5520,8.0
5521,6.0
5522,7.0
5523,6.0
5524,3.0
5525,7.0
5526,5.0
5527,0.0
5528,2.0
5529,3.0
5530,3.0
5531,3.0
5532,3.0
5533,3.0
5534,7.0
5535,0.0
5536,5.0
5537,6.0
5538,5.0
5539,3.0
5540,6.0
5541,5.0
5542,1.0
5543,5.0
5544,1.0
5545,6.0
5546,5.0
5547,8.0
5548,1.0
5549,8.0
5550,8.0
5551,1.0
5552,3.0
5553,1.0
5554,1.0
5555,6.0
5556,3.0
5557,8.0
5558,6.0
5559,7.0
5560,7.0
5561,6.0
5562,6.0
5563,1.0
5564,1.0
5565,6.0
5566,1.0
5567,5.0
5568,6.0
5569,3.0
5570,7.0
5571,5.0
5572,1.0
5573,8.0
5574,5.0
5575,1.0
5576,5.0
5577,6.0
5578,0.0
5579,6.0
5580,8.0
5581,1.0
5582,3.0
5583,7.0
5584,7.0
5585,5.0
5586,0.0
5587,5.0
5588,1.0
5589,3.0
5590,3.0
5591,0.0
5592,3.0
5593,5.0
5594,1.0
5595,6.0
5596,1.0
5597,6.0
5598,6.0
5599,5.0
5600,7.0
5601,3.0
5602,1.0
5603,0.0
5604,1.0
5605,1.0
5606,5.0
5607,1.0
5608,5.0
5609,5.0
5610,6.0
5611,3.0
5612,5.0
5613,1.0
5614,1.0
5615,1.0
5616,0.0
5617,6.0
5618,3.0
5619,6.0
5620,5.0
5621,1.0
5622,5.0
5623,1.0
5624,5.0
5625,5.0
5626,6.0
5627,5.0
5628,1.0
5629,6.0
5630,3.0
5631,1.0
5632,8.0
5633,3.0
5634,5.0
5635,5.0
5636,7.0
5637,1.0
5638,1.0
5639,6.0
5640,3.0
5641,5.0
5642,6.0
5643,1.0
5644,5.0
5645,5.0
5646,6.0
5647,1.0
5648,1.0
5649,0.0
5650,1.0
5651,1.0
5652,5.0
5653,6.0
5654,1.0
5655,8.0
5656,8.0
5657,5.0
5658,1.0
5659,7.0
5660,3.0
5661,0.0
5662,1.0
5663,5.0
5664,6.0
5665,3.0
5666,6.0
5667,7.0
5668,1.0
5669,3.0
5670,8.0
5671,1.0
5672,1.0
5673,0.0
5674,5.0
5675,3.0
5676,5.0
5677,0.0
5678,1.0
5679,5.0
5680,1.0
5681,1.0
5682,6.0
5683,7.0
5684,8.0
5685,6.0
5686,1.0
5687,5.0
5688,5.0
5689,6.0
5690,5.0
5691,1.0
5692,1.0
5693,8.0
5694,5.0
5695,1.0
5696,3.0
5697,6.0
5698,3.0
5699,5.0
5700,7.0
5701,1.0
5702,6.0
5703,8.0
5704,8.0
5705,1.0
5706,1.0
5707,7.0
5708,3.0
5709,5.0
5710,3.0
5711,5.0
5712,5.0
5713,1.0
5714,0.0
5715,1.0
5716,5.0
5717,7.0
5718,6.0
5719,1.0
5720,8.0
5721,5.0
5722,1.0
5723,5.0
5724,7.0
5725,1.0
5726,3.0
5727,6.0
5728,0.0
5729,5.0
5730,7.0
5731,6.0
5732,0.0
5733,3.0
5734,3.0
5735,6.0
5736,5.0
5737,5.0
5738,3.0
5739,1.0
5740,7.0
5741,7.0
5742,7.0
5743,3.0
5744,1.0
5745,3.0
5746,3.0
5747,5.0
5748,0.0
5749,3.0
5750,1.0
5751,3.0
5752,7.0
5753,6.0
5754,6.0
5755,0.0
5756,1.0
5757,7.0
5758,5.0
5759,8.0
5760,5.0
5761,6.0
5762,1.0
5763,3.0
5764,6.0
5765,3.0
5766,1.0
5767,1.0
5768,6.0
5769,1.0
5770,6.0
5771,1.0
5772,0.0
5773,8.0
5774,3.0
5775,5.0
5776,1.0
5777,8.0
5778,8.0
5779,8.0
5780,0.0
5781,6.0
5782,1.0
5783,0.0
5784,1.0
5785,1.0
5786,7.0
5787,6.0
5788,7.0
5789,8.0
5790,5.0
5791,1.0
5792,1.0
5793,8.0
5794,5.0
5795,1.0
5796,1.0
5797,1.0
5798,0.0
5799,6.0
5800,1.0
5801,5.0
5802,3.0
5803,6.0
5804,6.0
5805,1.0
5806,0.0
5807,7.0
5808,6.0
5809,3.0
5810,1.0
5811,5.0
5812,0.0
5813,8.0
5814,6.0
5815,5.0
5816,3.0
5817,7.0
5818,1.0
5819,7.0
5820,1.0
5821,1.0
5822,7.0
5823,0.0
5824,1.0
5825,3.0
5826,5.0
5827,1.0
5828,1.0
5829,5.0
5830,5.0
5831,7.0
5832,7.0
5833,6.0
5834,5.0
5835,1.0
5836,1.0
5837,3.0
5838,5.0
5839,0.0
5840,0.0
5841,1.0
5842,5.0
5843,3.0
5844,6.0
5845,1.0
5846,0.0
5847,8.0
5848,5.0
5849,5.0
5850,3.0
5851,7.0
5852,0.0
5853,3.0
5854,6.0
5855,1.0
5856,6.0
5857,5.0
5858,3.0
5859,8.0
5860,6.0
5861,5.0
5862,3.0
5863,3.0
5864,3.0
5865,1.0
5866,7.0
5867,1.0
5868,5.0
5869,3.0
5870,7.0
5871,3.0
5872,0.0
5873,5.0
5874,1.0
5875,6.0
5876,7.0
5877,6.0
5878,1.0
5879,5.0
5880,5.0
5881,0.0
5882,3.0
5883,1.0
5884,7.0
5885,8.0
5886,1.0
5887,1.0
5888,6.0
5889,8.0
5890,1.0
5891,6.0
5892,3.0
5893,1.0
5894,6.0
5895,5.0
5896,0.0
5897,8.0
5898,6.0
5899,7.0
5900,1.0
5901,6.0
5902,7.0
5903,5.0
5904,1.0
5905,6.0
5906,0.0
5907,5.0
5908,5.0
5909,7.0
5910,7.0
5911,7.0
5912,1.0
5913,1.0
5914,0.0
5915,8.0
5916,3.0
5917,6.0
5918,1.0
5919,6.0
5920,7.0
5921,5.0
5922,5.0
5923,0.0
5924,6.0
5925,6.0
5926,0.0
5927,8.0
5928,6.0
5929,1.0
5930,8.0
5931,8.0
5932,1.0
5933,7.0
5934,6.0
5935,5.0
5936,1.0
5937,6.0
5938,7.0
5939,6.0
5940,1.0
5941,6.0
5942,3.0
5943,5.0
5944,1.0
5945,6.0
5946,5.0
5947,6.0
5948,5.0
5949,6.0
5950,0.0
5951,6.0
5952,6.0
5953,3.0
5954,6.0
5955,5.0
5956,0.0
5957,7.0
5958,5.0
5959,5.0
5960,8.0
5961,0.0
5962,1.0
5963,7.0
5964,0.0
5965,1.0
5966,1.0
5967,5.0
5968,5.0
5969,3.0
5970,1.0
5971,3.0
5972,3.0
5973,6.0
5974,7.0
5975,5.0
5976,5.0
5977,3.0
5978,3.0
5979,7.0
5980,0.0
5981,6.0
5982,5.0
5983,1.0
5984,5.0
5985,3.0
5986,3.0
5987,1.0
5988,5.0
5989,6.0
5990,6.0
5991,1.0
5992,6.0
5993,5.0
5994,6.0
5995,1.0
5996,1.0
5997,5.0
5998,5.0
5999,1.0
6000,5.0
6001,6.0
6002,6.0
6003,7.0
6004,6.0
6005,5.0
6006,0.0
6007,1.0
6008,0.0
6009,6.0
6010,1.0
6011,5.0
6012,1.0
6013,1.0
6014,3.0
6015,7.0
6016,3.0
6017,8.0
6018,1.0
6019,8.0
6020,6.0
6021,7.0
6022,1.0
6023,3.0
6024,5.0
6025,6.0
6026,7.0
6027,6.0
6028,1.0
6029,5.0
6030,7.0
6031,3.0
6032,0.0
6033,8.0
6034,7.0
6035,1.0
6036,3.0
6037,3.0
6038,1.0
6039,8.0
6040,6.0
6041,5.0
6042,8.0
6043,7.0
6044,6.0
6045,7.0
6046,1.0
6047,3.0
6048,5.0
6049,8.0
6050,6.0
6051,0.0
6052,5.0
6053,1.0
6054,8.0
6055,3.0
6056,0.0
6057,1.0
6058,7.0
6059,5.0
6060,1.0
6061,8.0
6062,3.0
6063,8.0
6064,5.0
6065,3.0
6066,7.0
6067,3.0
6068,5.0
6069,5.0
6070,3.0
6071,1.0
6072,3.0
6073,8.0
6074,6.0
6075,5.0
6076,3.0
6077,0.0
6078,7.0
6079,7.0
6080,1.0
6081,3.0
6082,6.0
6083,7.0
6084,6.0
6085,0.0
6086,1.0
6087,3.0
6088,3.0
6089,0.0
6090,6.0
6091,3.0
6092,3.0
6093,6.0
6094,7.0
6095,1.0
6096,5.0
6097,6.0
6098,5.0
6099,5.0
6100,5.0
6101,7.0
6102,6.0
6103,0.0
6104,6.0
6105,7.0
6106,3.0
6107,5.0
6108,5.0
6109,0.0
6110,5.0
6111,7.0
6112,5.0
6113,1.0
6114,0.0
6115,5.0
6116,6.0
6117,1.0
6118,1.0
6119,7.0
6120,6.0
6121,7.0
6122,1.0
6123,7.0
6124,6.0
6125,1.0
6126,6.0
6127,3.0
6128,6.0
6129,6.0
6130,8.0
6131,3.0
6132,6.0
6133,6.0
6134,7.0
6135,0.0
6136,0.0
6137,8.0
6138,1.0
6139,1.0
6140,0.0
6141,7.0
6142,7.0
6143,5.0
6144,7.0
6145,0.0
6146,0.0
6147,1.0
6148,3.0
6149,1.0
6150,6.0
6151,0.0
6152,1.0
6153,5.0
6154,8.0
6155,8.0
6156,3.0
6157,3.0
6158,0.0
6159,5.0
6160,5.0
6161,5.0
6162,3.0
6163,6.0
6164,6.0
6165,0.0
6166,0.0
6167,0.0
6168,1.0
6169,1.0
6170,1.0
6171,6.0
6172,6.0
6173,5.0
6174,5.0
6175,7.0
6176,6.0
6177,3.0
6178,7.0
6179,0.0
6180,3.0
6181,1.0
6182,6.0
6183,3.0
6184,0.0
6185,1.0
6186,0.0
6187,2.0
6188,8.0
6189,6.0
6190,6.0
6191,7.0
6192,3.0
6193,6.0
6194,3.0
6195,0.0
6196,6.0
6197,5.0
6198,6.0
6199,7.0
6200,1.0
6201,0.0
6202,0.0
6203,1.0
6204,0.0
6205,5.0
6206,3.0
6207,3.0
6208,1.0
6209,8.0
6210,6.0
6211,1.0
6212,5.0
6213,8.0
6214,1.0
6215,0.0
6216,7.0
6217,6.0
6218,3.0
6219,1.0
6220,6.0
6221,5.0
6222,8.0
6223,7.0
6224,6.0
6225,3.0
6226,0.0
6227,3.0
6228,0.0
6229,0.0
6230,7.0
6231,5.0
6232,7.0
6233,0.0
6234,7.0
6235,6.0
6236,7.0
6237,1.0
6238,1.0
6239,6.0
6240,0.0
6241,3.0
6242,1.0
6243,0.0
6244,6.0
6245,1.0
6246,5.0
6247,3.0
6248,1.0
6249,1.0
6250,6.0
6251,6.0
6252,1.0
6253,6.0
6254,6.0
6255,5.0
6256,7.0
6257,3.0
6258,7.0
6259,1.0
6260,6.0
6261,8.0
6262,0.0
6263,6.0
6264,6.0
6265,5.0
6266,5.0
6267,6.0
6268,1.0
6269,5.0
6270,8.0
6271,1.0
6272,6.0
6273,3.0
6274,3.0
6275,1.0
6276,8.0
6277,1.0
6278,1.0
6279,7.0
6280,3.0
6281,7.0
6282,5.0
6283,6.0
6284,7.0
6285,3.0
6286,8.0
6287,7.0
6288,5.0
6289,6.0
6290,5.0
6291,5.0
6292,0.0
6293,5.0
6294,6.0
6295,3.0
6296,8.0
6297,1.0
6298,6.0
6299,1.0
6300,1.0
6301,7.0
6302,0.0
6303,3.0
6304,6.0
6305,8.0
6306,6.0
6307,5.0
6308,1.0
6309,3.0
6310,1.0
6311,6.0
6312,1.0
6313,6.0
6314,5.0
6315,1.0
6316,1.0
6317,7.0
6318,5.0
6319,6.0
6320,1.0
6321,8.0
6322,0.0
6323,3.0
6324,3.0
6325,1.0
6326,3.0
6327,5.0
6328,3.0
6329,1.0
6330,1.0
6331,1.0
6332,7.0
6333,5.0
6334,7.0
6335,0.0
6336,6.0
6337,1.0
6338,1.0
6339,7.0
6340,3.0
6341,8.0
6342,3.0
6343,1.0
6344,1.0
6345,5.0
6346,1.0
6347,3.0
6348,6.0
6349,6.0
6350,5.0
6351,7.0
6352,8.0
6353,3.0
6354,5.0
6355,0.0
6356,5.0
6357,5.0
6358,7.0
6359,1.0
6360,5.0
6361,5.0
6362,3.0
6363,5.0
6364,5.0
6365,8.0
6366,6.0
6367,1.0
6368,8.0
6369,6.0
6370,3.0
6371,0.0
6372,3.0
6373,1.0
6374,1.0
6375,1.0
6376,5.0
6377,3.0
6378,3.0
6379,1.0
6380,1.0
6381,8.0
6382,3.0
6383,3.0
6384,5.0
6385,8.0
6386,6.0
6387,3.0
6388,7.0
6389,3.0
6390,3.0
6391,3.0
6392,1.0
6393,6.0
6394,0.0
6395,3.0
6396,3.0
6397,6.0
6398,7.0
6399,6.0
6400,1.0
6401,8.0
6402,6.0
6403,1.0
6404,1.0
6405,6.0
6406,5.0
6407,6.0
6408,3.0
6409,0.0
6410,5.0
6411,5.0
6412,3.0
6413,8.0
6414,1.0
6415,3.0
6416,6.0
6417,7.0
6418,7.0
6419,1.0
6420,0.0
6421,6.0
6422,7.0
6423,5.0
6424,3.0
6425,5.0
6426,7.0
6427,1.0
6428,7.0
6429,7.0
6430,5.0
6431,3.0
6432,1.0
6433,0.0
6434,3.0
6435,6.0
6436,3.0
6437,1.0
6438,7.0
6439,3.0
6440,6.0
6441,3.0
6442,6.0
6443,6.0
6444,6.0
6445,6.0
6446,1.0
6447,1.0
6448,7.0
6449,0.0
6450,7.0
6451,1.0
6452,5.0
6453,3.0
6454,3.0
6455,5.0
6456,5.0
6457,5.0
6458,0.0
6459,8.0
6460,6.0
6461,3.0
6462,5.0
6463,5.0
6464,8.0
6465,5.0
6466,1.0
6467,7.0
6468,3.0
6469,1.0
6470,3.0
6471,0.0
6472,1.0
6473,3.0
6474,6.0
6475,3.0
6476,1.0
6477,7.0
6478,0.0
6479,0.0
6480,7.0
6481,3.0
6482,1.0
6483,1.0
6484,0.0
6485,3.0
6486,7.0
6487,5.0
6488,1.0
6489,8.0
6490,5.0
6491,1.0
6492,1.0
6493,6.0
6494,1.0
6495,8.0
6496,7.0
6497,5.0
6498,3.0
6499,5.0
6500,5.0
6501,6.0
6502,6.0
6503,5.0
6504,8.0
6505,0.0
6506,6.0
6507,6.0
6508,3.0
6509,1.0
6510,6.0
6511,7.0
6512,1.0
6513,7.0
6514,0.0
6515,6.0
6516,6.0
6517,7.0
6518,1.0
6519,1.0
6520,8.0
6521,5.0
6522,5.0
6523,5.0
6524,1.0
6525,7.0
6526,3.0
6527,1.0
6528,6.0
6529,5.0
6530,0.0
6531,1.0
6532,1.0
6533,6.0
6534,5.0
6535,7.0
6536,1.0
6537,5.0
6538,7.0
6539,1.0
6540,1.0
6541,3.0
6542,5.0
6543,8.0
6544,3.0
6545,8.0
6546,3.0
6547,7.0
6548,3.0
6549,7.0
6550,5.0
6551,6.0
6552,1.0
6553,3.0
6554,1.0
6555,6.0
6556,0.0
6557,1.0
6558,1.0
6559,1.0
6560,5.0
6561,0.0
6562,5.0
6563,6.0
6564,5.0
6565,1.0
6566,5.0
6567,8.0
6568,5.0
6569,7.0
6570,8.0
6571,5.0
6572,3.0
6573,8.0
6574,5.0
6575,1.0
6576,1.0
6577,5.0
6578,6.0
6579,0.0
6580,1.0
6581,1.0
6582,1.0
6583,8.0
6584,1.0
6585,0.0
6586,7.0
6587,3.0
6588,1.0
6589,7.0
6590,1.0
6591,6.0
6592,3.0
6593,6.0
6594,1.0
6595,0.0
6596,5.0
6597,3.0
6598,6.0
6599,0.0
6600,0.0
6601,5.0
6602,1.0
6603,6.0
6604,6.0
6605,6.0
6606,7.0
6607,1.0
6608,0.0
6609,5.0
6610,3.0
6611,0.0
6612,3.0
6613,1.0
6614,7.0
6615,8.0
6616,1.0
6617,1.0
6618,7.0
6619,0.0
6620,6.0
6621,5.0
6622,6.0
6623,6.0
6624,1.0
6625,3.0
6626,5.0
6627,7.0
6628,5.0
6629,1.0
6630,5.0
6631,5.0
6632,1.0
6633,3.0
6634,3.0
6635,1.0
6636,5.0
6637,3.0
6638,5.0
6639,5.0
6640,3.0
6641,1.0
6642,0.0
6643,1.0
6644,3.0
6645,1.0
6646,5.0
6647,7.0
6648,7.0
6649,5.0
6650,7.0
6651,6.0
6652,6.0
6653,7.0
6654,3.0
6655,5.0
6656,7.0
6657,8.0
6658,3.0
6659,3.0
6660,0.0
6661,8.0
6662,3.0
6663,0.0
6664,6.0
6665,0.0
6666,1.0
6667,7.0
6668,5.0
6669,5.0
6670,1.0
6671,1.0
6672,1.0
6673,1.0
6674,0.0
6675,0.0
6676,1.0
6677,3.0
6678,8.0
6679,5.0
6680,7.0
6681,1.0
6682,1.0
6683,0.0
6684,6.0
6685,0.0
6686,5.0
6687,6.0
6688,7.0
6689,8.0
6690,5.0
6691,1.0
6692,3.0
6693,5.0
6694,7.0
6695,1.0
6696,5.0
6697,3.0
6698,3.0
6699,1.0
6700,1.0
6701,3.0
6702,6.0
6703,1.0
6704,6.0
6705,7.0
6706,1.0
6707,0.0
6708,7.0
6709,5.0
6710,8.0
6711,5.0
6712,1.0
6713,8.0
6714,5.0
6715,7.0
6716,3.0
6717,1.0
6718,0.0
6719,3.0
6720,5.0
6721,1.0
6722,1.0
6723,1.0
6724,0.0
6725,1.0
6726,3.0
6727,0.0
6728,3.0
6729,1.0
6730,1.0
6731,3.0
6732,5.0
6733,8.0
6734,6.0
6735,1.0
6736,8.0
6737,7.0
6738,3.0
6739,0.0
6740,6.0
6741,5.0
6742,1.0
6743,3.0
6744,5.0
6745,1.0
6746,6.0
6747,3.0
6748,7.0
6749,3.0
6750,0.0
6751,6.0
6752,7.0
6753,1.0
6754,3.0
6755,8.0
6756,5.0
6757,1.0
6758,1.0
6759,5.0
6760,8.0
6761,7.0
6762,5.0
6763,1.0
6764,0.0
6765,1.0
6766,8.0
6767,5.0
6768,1.0
6769,3.0
6770,7.0
6771,7.0
6772,1.0
6773,7.0
6774,3.0
6775,1.0
6776,6.0
6777,5.0
6778,7.0
6779,8.0
6780,1.0
6781,0.0
6782,0.0
6783,5.0
6784,5.0
6785,6.0
6786,0.0
6787,1.0
6788,3.0
6789,8.0
6790,3.0
6791,7.0
6792,8.0
6793,6.0
6794,0.0
6795,7.0
6796,7.0
6797,7.0
6798,5.0
6799,5.0
6800,1.0
6801,0.0
6802,1.0
6803,3.0
6804,3.0
6805,3.0
6806,5.0
6807,5.0
6808,5.0
6809,6.0
6810,3.0
6811,0.0
6812,1.0
6813,5.0
6814,7.0
6815,5.0
6816,5.0
6817,1.0
6818,1.0
6819,8.0
6820,1.0
6821,7.0
6822,0.0
6823,0.0
6824,1.0
6825,7.0
6826,8.0
6827,5.0
6828,6.0
6829,1.0
6830,3.0
6831,6.0
6832,3.0
6833,3.0
6834,3.0
6835,6.0
6836,0.0
6837,6.0
6838,8.0
6839,7.0
6840,7.0
6841,1.0
6842,3.0
6843,7.0
6844,1.0
6845,1.0
6846,6.0
6847,1.0
6848,1.0
6849,1.0
6850,1.0
6851,7.0
6852,1.0
6853,6.0
6854,3.0
6855,5.0
6856,5.0
6857,0.0
6858,1.0
6859,3.0
6860,1.0
6861,3.0
6862,5.0
6863,5.0
6864,5.0
6865,5.0
6866,3.0
6867,1.0
6868,1.0
6869,1.0
6870,7.0
6871,0.0
6872,6.0
6873,6.0
6874,6.0
6875,3.0
6876,0.0
6877,6.0
6878,1.0
6879,3.0
6880,3.0
6881,6.0
6882,5.0
6883,0.0
6884,7.0
6885,1.0
6886,8.0
6887,1.0
6888,7.0
6889,1.0
6890,8.0
6891,5.0
6892,1.0
6893,1.0
6894,5.0
6895,7.0
6896,6.0
6897,5.0
6898,1.0
6899,1.0
6900,6.0
6901,7.0
6902,8.0
6903,1.0
6904,3.0
6905,3.0
6906,5.0
6907,1.0
6908,1.0
6909,8.0
6910,6.0
6911,3.0
6912,8.0
6913,5.0
6914,5.0
6915,7.0
6916,5.0
6917,5.0
6918,5.0
6919,6.0
6920,6.0
6921,3.0
6922,5.0
6923,8.0
6924,1.0
6925,1.0
6926,5.0
6927,1.0
6928,6.0
6929,1.0
6930,7.0
6931,6.0
6932,6.0
6933,1.0
6934,1.0
6935,1.0
6936,3.0
6937,1.0
6938,5.0
6939,8.0
6940,7.0
6941,6.0
6942,6.0
6943,0.0
6944,3.0
6945,6.0
6946,0.0
6947,7.0
6948,1.0
6949,7.0
6950,1.0
6951,6.0
6952,1.0
6953,5.0
6954,6.0
6955,5.0
6956,1.0
6957,7.0
6958,1.0
6959,3.0
6960,0.0
6961,8.0
6962,0.0
6963,5.0
6964,7.0
6965,7.0
6966,7.0
6967,8.0
6968,6.0
6969,1.0
6970,3.0
6971,1.0
6972,0.0
6973,3.0
6974,5.0
6975,1.0
6976,5.0
6977,5.0
6978,5.0
6979,1.0
6980,5.0
6981,6.0
6982,7.0
6983,1.0
6984,1.0
6985,5.0
6986,1.0
6987,3.0
6988,5.0
6989,1.0
6990,1.0
6991,6.0
6992,1.0
6993,6.0
6994,1.0
6995,3.0
6996,0.0
6997,3.0
6998,7.0
6999,0.0
7000,6.0
7001,1.0
7002,5.0
7003,5.0
7004,6.0
7005,8.0
7006,7.0
7007,1.0
7008,7.0
7009,5.0
7010,5.0
7011,0.0
7012,3.0
7013,3.0
7014,1.0
7015,1.0
7016,5.0
7017,1.0
7018,6.0
7019,6.0
7020,7.0
7021,6.0
7022,5.0
7023,3.0
7024,6.0
7025,5.0
7026,5.0
7027,7.0
7028,3.0
7029,5.0
7030,6.0
7031,8.0
7032,7.0
7033,0.0
7034,6.0
7035,1.0
7036,7.0
7037,1.0
7038,5.0
7039,6.0
7040,1.0
7041,0.0
7042,1.0
7043,6.0
7044,5.0
7045,0.0
7046,5.0
7047,5.0
7048,6.0
7049,3.0
7050,0.0
7051,1.0
7052,3.0
7053,8.0
7054,3.0
7055,7.0
7056,0.0
7057,3.0
7058,5.0
7059,6.0
7060,5.0
7061,5.0
7062,5.0
7063,1.0
7064,7.0
7065,8.0
7066,6.0
7067,3.0
7068,6.0
7069,6.0
7070,5.0
7071,8.0
7072,1.0
7073,0.0
7074,7.0
7075,6.0
7076,7.0
7077,7.0
7078,1.0
7079,1.0
7080,3.0
7081,7.0
7082,5.0
7083,3.0
7084,7.0
7085,1.0
7086,0.0
7087,7.0
7088,6.0
7089,1.0
7090,8.0
7091,1.0
7092,8.0
7093,0.0
7094,6.0
7095,3.0
7096,6.0
7097,1.0
7098,6.0
7099,5.0
7100,6.0
7101,3.0
7102,0.0
7103,7.0
7104,7.0
7105,3.0
7106,8.0
7107,3.0
7108,5.0
7109,5.0
7110,5.0
7111,3.0
7112,3.0
7113,0.0
7114,5.0
7115,5.0
7116,5.0
7117,7.0
7118,5.0
7119,8.0
7120,5.0
7121,3.0
7122,3.0
7123,7.0
7124,1.0
7125,3.0
7126,6.0
7127,6.0
7128,6.0
7129,7.0
7130,3.0
7131,5.0
7132,6.0
7133,6.0
7134,3.0
7135,0.0
7136,5.0
7137,3.0
7138,3.0
7139,1.0
7140,7.0
7141,1.0
7142,3.0
7143,5.0
7144,5.0
7145,6.0
7146,3.0
7147,3.0
7148,3.0
7149,7.0
7150,3.0
7151,3.0
7152,0.0
7153,0.0
7154,8.0
7155,0.0
7156,7.0
7157,1.0
7158,8.0
7159,3.0
7160,7.0
7161,3.0
7162,1.0
7163,7.0
7164,8.0
7165,8.0
7166,5.0
7167,6.0
7168,5.0
7169,1.0
7170,6.0
7171,1.0
7172,0.0
7173,8.0
7174,1.0
7175,8.0
7176,8.0
7177,1.0
7178,3.0
7179,3.0
7180,1.0
7181,3.0
7182,8.0
7183,0.0
7184,1.0
7185,1.0
7186,6.0
7187,0.0
7188,1.0
7189,1.0
7190,6.0
7191,3.0
7192,1.0
7193,1.0
7194,3.0
7195,7.0
7196,5.0
7197,5.0
7198,7.0
7199,7.0
7200,1.0
7201,6.0
7202,1.0
7203,5.0
7204,7.0
7205,1.0
7206,1.0
7207,6.0
7208,1.0
7209,5.0
7210,7.0
7211,5.0
7212,7.0
7213,7.0
7214,3.0
7215,0.0
7216,5.0
7217,5.0
7218,6.0
7219,3.0
7220,7.0
7221,5.0
7222,6.0
7223,6.0
7224,0.0
7225,5.0
7226,8.0
7227,6.0
7228,3.0
7229,5.0
7230,3.0
7231,1.0
7232,3.0
7233,5.0
7234,5.0
7235,3.0
7236,6.0
7237,1.0
7238,1.0
7239,1.0
7240,7.0
7241,1.0
7242,0.0
7243,3.0
7244,6.0
7245,6.0
7246,6.0
7247,6.0
7248,1.0
7249,5.0
7250,5.0
7251,1.0
7252,7.0
7253,7.0
7254,8.0
7255,1.0
7256,5.0
7257,1.0
7258,7.0
7259,3.0
7260,6.0
7261,8.0
7262,6.0
7263,1.0
7264,1.0
7265,5.0
7266,7.0
7267,5.0
7268,8.0
7269,0.0
7270,0.0
7271,7.0
7272,1.0
7273,3.0
7274,0.0
7275,3.0
7276,3.0
7277,5.0
7278,7.0
7279,6.0
7280,8.0
7281,1.0
7282,6.0
7283,5.0
7284,7.0
7285,5.0
7286,0.0
7287,2.0
7288,5.0
7289,0.0
7290,3.0
7291,0.0
7292,7.0
7293,8.0
7294,3.0
7295,3.0
7296,3.0
7297,7.0
7298,3.0
7299,1.0
7300,1.0
7301,7.0
7302,7.0
7303,6.0
7304,6.0
7305,6.0
7306,5.0
7307,3.0
7308,1.0
7309,1.0
7310,1.0
7311,1.0
7312,1.0
7313,5.0
7314,1.0
7315,3.0
7316,5.0
7317,8.0
7318,5.0
7319,6.0
7320,8.0
7321,3.0
7322,0.0
7323,7.0
7324,3.0
7325,5.0
7326,1.0
7327,3.0
7328,5.0
7329,1.0
7330,3.0
7331,6.0
7332,5.0
7333,6.0
7334,5.0
7335,6.0
7336,7.0
7337,0.0
7338,6.0
7339,3.0
7340,5.0
7341,8.0
7342,1.0
7343,1.0
7344,7.0
7345,6.0
7346,7.0
7347,5.0
7348,5.0
7349,0.0
7350,6.0
7351,1.0
7352,5.0
7353,8.0
7354,0.0
7355,1.0
7356,3.0
7357,3.0
7358,1.0
7359,6.0
7360,1.0
7361,6.0
7362,3.0
7363,5.0
7364,3.0
7365,5.0
7366,6.0
7367,5.0
7368,3.0
7369,0.0
7370,6.0
7371,1.0
7372,1.0
7373,5.0
7374,6.0
7375,5.0
7376,0.0
7377,5.0
7378,6.0
7379,0.0
7380,7.0
7381,3.0
7382,5.0
7383,1.0
7384,1.0
7385,3.0
7386,5.0
7387,5.0
7388,8.0
7389,0.0
7390,1.0
7391,3.0
7392,6.0
7393,1.0
7394,5.0
7395,7.0
7396,0.0
7397,3.0
7398,1.0
7399,8.0
7400,7.0
7401,1.0
7402,7.0
7403,1.0
7404,7.0
7405,5.0
7406,1.0
7407,1.0
7408,6.0
7409,0.0
7410,6.0
7411,1.0
7412,6.0
7413,1.0
7414,7.0
7415,5.0
7416,1.0
7417,5.0
7418,3.0
7419,3.0
7420,0.0
7421,6.0
7422,3.0
7423,3.0
7424,1.0
7425,8.0
7426,0.0
7427,7.0
7428,7.0
7429,0.0
7430,1.0
7431,3.0
7432,1.0
7433,8.0
7434,1.0
7435,1.0
7436,7.0
7437,1.0
7438,5.0
7439,7.0
7440,6.0
7441,5.0
7442,7.0
7443,6.0
7444,6.0
7445,8.0
7446,6.0
7447,6.0
7448,6.0
7449,0.0
7450,6.0
7451,8.0
7452,6.0
7453,7.0
7454,1.0
7455,5.0
7456,0.0
7457,5.0
7458,8.0
7459,7.0
7460,7.0
7461,6.0
7462,5.0
7463,5.0
7464,5.0
7465,7.0
7466,5.0
7467,0.0
7468,5.0
7469,1.0
7470,3.0
7471,0.0
7472,3.0
7473,0.0
7474,1.0
7475,3.0
7476,6.0
7477,6.0
7478,1.0
7479,6.0
7480,8.0
7481,7.0
7482,0.0
7483,1.0
7484,1.0
7485,3.0
7486,5.0
7487,8.0
7488,6.0
7489,5.0
7490,1.0
7491,6.0
7492,5.0
7493,5.0
7494,5.0
7495,5.0
7496,3.0
7497,6.0
7498,7.0
7499,1.0
7500,6.0
7501,0.0
7502,3.0
7503,3.0
7504,7.0
7505,6.0
7506,6.0
7507,1.0
7508,0.0
7509,1.0
7510,6.0
7511,0.0
7512,6.0
7513,6.0
7514,3.0
7515,0.0
7516,5.0
7517,1.0
7518,1.0
7519,0.0
7520,0.0
7521,0.0
7522,6.0
7523,0.0
7524,1.0
7525,1.0
7526,3.0
7527,1.0
7528,5.0
7529,3.0
7530,7.0
7531,0.0
7532,5.0
7533,3.0
7534,7.0
7535,1.0
7536,3.0
7537,6.0
7538,6.0
7539,6.0
7540,1.0
7541,1.0
7542,5.0
7543,5.0
7544,1.0
7545,7.0
7546,3.0
7547,6.0
7548,0.0
7549,5.0
7550,1.0
7551,5.0
7552,1.0
7553,7.0
7554,5.0
7555,3.0
7556,7.0
7557,5.0
7558,0.0
7559,7.0
7560,3.0
7561,1.0
7562,1.0
7563,1.0
7564,3.0
7565,1.0
7566,5.0
7567,6.0
7568,5.0
7569,0.0
7570,5.0
7571,3.0
7572,0.0
7573,7.0
7574,5.0
7575,1.0
7576,7.0
7577,7.0
7578,3.0
7579,7.0
7580,1.0
7581,0.0
7582,1.0
7583,1.0
7584,3.0
7585,8.0
7586,1.0
7587,3.0
7588,5.0
7589,7.0
7590,5.0
7591,1.0
7592,1.0
7593,8.0
7594,5.0
7595,3.0
7596,3.0
7597,0.0
7598,5.0
7599,3.0
7600,5.0
7601,7.0
7602,8.0
7603,5.0
7604,3.0
7605,3.0
7606,0.0
7607,3.0
7608,3.0
7609,6.0
7610,3.0
7611,3.0
7612,8.0
7613,8.0
7614,1.0
7615,7.0
7616,6.0
7617,3.0
7618,6.0
7619,6.0
7620,1.0
7621,6.0
7622,1.0
7623,0.0
7624,0.0
7625,3.0
7626,5.0
7627,1.0
7628,0.0
7629,5.0
7630,1.0
7631,5.0
7632,5.0
7633,1.0
7634,6.0
7635,5.0
7636,5.0
7637,3.0
7638,0.0
7639,7.0
7640,0.0
7641,6.0
7642,3.0
7643,0.0
7644,1.0
7645,0.0
7646,1.0
7647,1.0
7648,3.0
7649,0.0
7650,0.0
7651,1.0
7652,8.0
7653,6.0
7654,6.0
7655,1.0
7656,1.0
7657,5.0
7658,1.0
7659,7.0
7660,1.0
7661,8.0
7662,3.0
7663,1.0
7664,1.0
7665,0.0
7666,3.0
7667,5.0
7668,7.0
7669,1.0
7670,1.0
7671,3.0
7672,5.0
7673,0.0
7674,1.0
7675,5.0
7676,3.0
7677,1.0
7678,5.0
7679,5.0
7680,3.0
7681,3.0
7682,8.0
7683,1.0
7684,5.0
7685,0.0
7686,1.0
7687,0.0
7688,1.0
7689,0.0
7690,5.0
7691,3.0
7692,7.0
7693,6.0
7694,0.0
7695,1.0
7696,6.0
7697,5.0
7698,5.0
7699,7.0
7700,0.0
7701,7.0
7702,5.0
7703,1.0
7704,5.0
7705,3.0
7706,3.0
7707,7.0
7708,1.0
7709,5.0
7710,0.0
7711,0.0
7712,3.0
7713,3.0
7714,5.0
7715,1.0
7716,6.0
7717,7.0
7718,7.0
7719,0.0
7720,7.0
7721,0.0
7722,1.0
7723,6.0
7724,6.0
7725,3.0
7726,5.0
7727,1.0
7728,1.0
7729,3.0
7730,7.0
7731,0.0
7732,1.0
7733,6.0
7734,7.0
7735,1.0
7736,5.0
7737,6.0
7738,0.0
7739,5.0
7740,7.0
7741,0.0
7742,5.0
7743,8.0
7744,5.0
7745,1.0
7746,5.0
7747,5.0
7748,1.0
7749,1.0
7750,3.0
7751,1.0
7752,5.0
7753,5.0
7754,0.0
7755,6.0
7756,3.0
7757,5.0
7758,1.0
7759,6.0
7760,3.0
7761,1.0
7762,7.0
7763,1.0
7764,3.0
7765,5.0
7766,3.0
7767,8.0
7768,5.0
7769,5.0
7770,5.0
7771,6.0
7772,6.0
7773,5.0
7774,6.0
7775,0.0
7776,8.0
7777,1.0
7778,3.0
7779,3.0
7780,6.0
7781,7.0
7782,3.0
7783,1.0
7784,5.0
7785,1.0
7786,6.0
7787,5.0
7788,5.0
7789,5.0
7790,5.0
7791,0.0
7792,0.0
7793,6.0
7794,7.0
7795,1.0
7796,3.0
7797,6.0
7798,1.0
7799,3.0
7800,7.0
7801,1.0
7802,6.0
7803,7.0
7804,7.0
7805,0.0
7806,8.0
7807,6.0
7808,6.0
7809,5.0
7810,1.0
7811,1.0
7812,5.0
7813,7.0
7814,0.0
7815,3.0
7816,6.0
7817,3.0
7818,6.0
7819,3.0
7820,0.0
7821,0.0
7822,6.0
7823,8.0
7824,6.0
7825,6.0
7826,8.0
7827,1.0
7828,7.0
7829,1.0
7830,3.0
7831,3.0
7832,3.0
7833,6.0
7834,1.0
7835,0.0
7836,1.0
7837,3.0
7838,5.0
7839,7.0
7840,6.0
7841,5.0
7842,5.0
7843,5.0
7844,0.0
7845,5.0
7846,7.0
7847,6.0
7848,1.0
7849,7.0
7850,6.0
7851,3.0
7852,5.0
7853,1.0
7854,3.0
7855,5.0
7856,1.0
7857,7.0
7858,1.0
7859,3.0
7860,6.0
7861,5.0
7862,6.0
7863,6.0
7864,8.0
7865,6.0
7866,8.0
7867,6.0
7868,3.0
7869,0.0
7870,5.0
7871,3.0
7872,7.0
7873,5.0
7874,0.0
7875,5.0
7876,3.0
7877,7.0
7878,8.0
7879,7.0
7880,5.0
7881,7.0
7882,0.0
7883,3.0
7884,5.0
7885,1.0
7886,7.0
7887,1.0
7888,5.0
7889,3.0
7890,1.0
7891,5.0
7892,1.0
7893,7.0
7894,8.0
7895,6.0
7896,7.0
7897,7.0
7898,1.0
7899,6.0
7900,3.0
7901,3.0
7902,7.0
7903,0.0
7904,6.0
7905,1.0
7906,1.0
7907,3.0
7908,5.0
7909,0.0
7910,3.0
7911,1.0
7912,5.0
7913,5.0
7914,5.0
7915,7.0
7916,6.0
7917,0.0
7918,5.0
7919,6.0
7920,7.0
7921,8.0
7922,0.0
7923,0.0
7924,5.0
7925,6.0
7926,0.0
7927,0.0
7928,3.0
7929,7.0
7930,1.0
7931,1.0
7932,6.0
7933,3.0
7934,5.0
7935,1.0
7936,7.0
7937,7.0
7938,5.0
7939,6.0
7940,7.0
7941,5.0
7942,5.0
7943,3.0
7944,1.0
7945,6.0
7946,5.0
7947,7.0
7948,6.0
7949,5.0
7950,7.0
7951,3.0
7952,6.0
7953,1.0
7954,1.0
7955,1.0
7956,8.0
7957,0.0
7958,1.0
7959,5.0
7960,0.0
7961,5.0
7962,5.0
7963,5.0
7964,1.0
7965,7.0
7966,3.0
7967,1.0
7968,3.0
7969,0.0
7970,0.0
7971,6.0
7972,3.0
7973,7.0
7974,1.0
7975,5.0
7976,5.0
7977,8.0
7978,5.0
7979,6.0
7980,8.0
7981,3.0
7982,7.0
7983,0.0
7984,6.0
7985,1.0
7986,1.0
7987,5.0
7988,3.0
7989,5.0
7990,5.0
7991,0.0
7992,5.0
7993,5.0
7994,8.0
7995,0.0
7996,1.0
7997,5.0
7998,8.0
7999,0.0
8000,3.0
8001,3.0
8002,0.0
8003,1.0
8004,6.0
8005,5.0
8006,1.0
8007,1.0
8008,1.0
8009,1.0
8010,5.0
8011,1.0
8012,7.0
8013,0.0
8014,1.0
8015,1.0
8016,7.0
8017,6.0
8018,7.0
8019,1.0
8020,6.0
8021,3.0
8022,3.0
8023,6.0
8024,0.0
8025,6.0
8026,6.0
8027,6.0
8028,3.0
8029,3.0
8030,1.0
8031,5.0
8032,7.0
8033,3.0
8034,6.0
8035,6.0
8036,8.0
8037,3.0
8038,8.0
8039,1.0
8040,5.0
8041,0.0
8042,0.0
8043,0.0
8044,5.0
8045,5.0
8046,6.0
8047,1.0
8048,0.0
8049,7.0
8050,7.0
8051,5.0
8052,1.0
8053,1.0
8054,5.0
8055,7.0
8056,3.0
8057,5.0
8058,1.0
8059,5.0
8060,5.0
8061,6.0
8062,5.0
8063,3.0
8064,7.0
8065,6.0
8066,3.0
8067,3.0
8068,3.0
8069,1.0
8070,3.0
8071,6.0
8072,1.0
8073,3.0
8074,6.0
8075,1.0
8076,5.0
8077,0.0
8078,5.0
8079,5.0
8080,6.0
8081,1.0
8082,5.0
8083,5.0
8084,5.0
8085,7.0
8086,5.0
8087,8.0
8088,5.0
8089,6.0
8090,0.0
8091,1.0
8092,8.0
8093,7.0
8094,0.0
8095,3.0
8096,5.0
8097,6.0
8098,0.0
8099,3.0
8100,5.0
8101,7.0
8102,3.0
8103,0.0
8104,7.0
8105,5.0
8106,6.0
8107,5.0
8108,1.0
8109,7.0
8110,1.0
8111,5.0
8112,5.0
8113,6.0
8114,5.0
8115,5.0
8116,5.0
8117,6.0
8118,7.0
8119,5.0
8120,1.0
8121,3.0
8122,5.0
8123,3.0
8124,5.0
8125,5.0
8126,0.0
8127,0.0
8128,5.0
8129,3.0
8130,5.0
8131,6.0
8132,3.0
8133,6.0
8134,6.0
8135,1.0
8136,0.0
8137,5.0
8138,6.0
8139,0.0
8140,1.0
8141,1.0
8142,3.0
8143,0.0
8144,7.0
8145,1.0
8146,6.0
8147,0.0
8148,5.0
8149,6.0
8150,1.0
8151,6.0
8152,8.0
8153,1.0
8154,5.0
8155,8.0
8156,5.0
8157,6.0
8158,6.0
8159,1.0
8160,1.0
8161,5.0
8162,6.0
8163,7.0
8164,3.0
8165,5.0
8166,0.0
8167,0.0
8168,5.0
8169,1.0
8170,0.0
8171,3.0
8172,8.0
8173,1.0
8174,1.0
8175,6.0
8176,3.0
8177,7.0
8178,1.0
8179,1.0
8180,1.0
8181,3.0
8182,7.0
8183,3.0
8184,3.0
8185,7.0
8186,1.0
8187,3.0
8188,1.0
8189,3.0
8190,8.0
8191,3.0
8192,5.0
8193,6.0
8194,3.0
8195,7.0
8196,1.0
8197,3.0
8198,5.0
8199,3.0
8200,3.0
8201,1.0
8202,0.0
8203,7.0
8204,8.0
8205,5.0
8206,0.0
8207,3.0
8208,5.0
8209,0.0
8210,7.0
8211,5.0
8212,3.0
8213,5.0
8214,6.0
8215,5.0
8216,1.0
8217,5.0
8218,8.0
8219,6.0
8220,1.0
8221,5.0
8222,3.0
8223,1.0
8224,8.0
8225,3.0
8226,8.0
8227,1.0
8228,1.0
8229,5.0
8230,8.0
8231,5.0
8232,0.0
8233,7.0
8234,1.0
8235,3.0
8236,5.0
8237,0.0
8238,5.0
8239,1.0
8240,3.0
8241,5.0
8242,7.0
8243,6.0
8244,5.0
8245,5.0
8246,6.0
8247,6.0
8248,5.0
8249,1.0
8250,1.0
8251,3.0
8252,1.0
8253,1.0
8254,6.0
8255,7.0
8256,1.0
8257,5.0
8258,6.0
8259,6.0
8260,0.0
8261,1.0
8262,0.0
8263,3.0
8264,0.0
8265,1.0
8266,5.0
8267,8.0
8268,8.0
8269,0.0
8270,6.0
8271,5.0
8272,3.0
8273,7.0
8274,1.0
8275,1.0
8276,6.0
8277,7.0
8278,1.0
8279,0.0
8280,1.0
8281,5.0
8282,1.0
8283,6.0
8284,1.0
8285,1.0
8286,3.0
8287,7.0
8288,5.0
8289,8.0
8290,6.0
8291,3.0
8292,0.0
8293,3.0
8294,8.0
8295,6.0
8296,6.0
8297,7.0
8298,5.0
8299,5.0
8300,1.0
8301,7.0
8302,5.0
8303,0.0
8304,1.0
8305,1.0
8306,6.0
8307,1.0
8308,0.0
8309,5.0
8310,1.0
8311,3.0
8312,0.0
8313,1.0
8314,7.0
8315,1.0
8316,0.0
8317,5.0
8318,6.0
8319,6.0
8320,5.0
8321,1.0
8322,8.0
8323,6.0
8324,7.0
8325,5.0
8326,7.0
8327,5.0
8328,5.0
8329,5.0
8330,6.0
8331,3.0
8332,5.0
8333,0.0
8334,8.0
8335,0.0
8336,5.0
8337,0.0
8338,0.0
8339,0.0
8340,7.0
8341,3.0
8342,5.0
8343,0.0
8344,6.0
8345,6.0
8346,1.0
8347,5.0
8348,1.0
8349,1.0
8350,5.0
8351,6.0
8352,6.0
8353,0.0
8354,0.0
8355,3.0
8356,7.0
8357,1.0
8358,1.0
8359,0.0
8360,5.0
8361,7.0
8362,3.0
8363,0.0
8364,3.0
8365,8.0
8366,0.0
8367,7.0
8368,1.0
8369,0.0
8370,7.0
8371,1.0
8372,3.0
8373,8.0
8374,3.0
8375,6.0
8376,5.0
8377,3.0
8378,7.0
8379,6.0
8380,6.0
8381,5.0
8382,5.0
8383,6.0
8384,5.0
8385,6.0
8386,3.0
8387,6.0
8388,5.0
8389,0.0
8390,3.0
8391,5.0
8392,1.0
8393,5.0
8394,3.0
8395,1.0
8396,3.0
8397,3.0
8398,0.0
8399,6.0
8400,7.0
8401,3.0
8402,1.0
8403,3.0
8404,3.0
8405,5.0
8406,0.0
8407,1.0
8408,5.0
8409,5.0
8410,1.0
8411,7.0
8412,0.0
8413,5.0
8414,7.0
8415,7.0
8416,6.0
8417,1.0
8418,1.0
8419,1.0
8420,1.0
8421,1.0
8422,6.0
8423,7.0
8424,8.0
8425,8.0
8426,0.0
8427,8.0
8428,8.0
8429,7.0
8430,0.0
8431,0.0
8432,5.0
8433,6.0
8434,6.0
8435,5.0
8436,1.0
8437,8.0
8438,6.0
8439,3.0
8440,0.0
8441,1.0
8442,5.0
8443,5.0
8444,1.0
8445,5.0
8446,7.0
8447,5.0
8448,7.0
8449,5.0
8450,5.0
8451,5.0
8452,0.0
8453,3.0
8454,3.0
8455,6.0
8456,3.0
8457,7.0
8458,1.0
8459,1.0
8460,3.0
8461,1.0
8462,1.0
8463,7.0
8464,3.0
8465,3.0
8466,1.0
8467,5.0
8468,5.0
8469,5.0
8470,6.0
8471,8.0
8472,7.0
8473,7.0
8474,6.0
8475,3.0
8476,1.0
8477,7.0
8478,8.0
8479,0.0
8480,1.0
8481,3.0
8482,3.0
8483,5.0
8484,6.0
8485,1.0
8486,6.0
8487,1.0
8488,1.0
8489,3.0
8490,6.0
8491,5.0
8492,0.0
8493,3.0
8494,0.0
8495,0.0
8496,1.0
8497,1.0
8498,1.0
8499,1.0
8500,6.0
8501,1.0
8502,1.0
8503,5.0
8504,7.0
8505,3.0
8506,0.0
8507,3.0
8508,8.0
8509,1.0
8510,3.0
8511,6.0
8512,1.0
8513,1.0
8514,1.0
8515,3.0
8516,6.0
8517,5.0
8518,5.0
8519,8.0
8520,5.0
8521,1.0
8522,3.0
8523,3.0
8524,3.0
8525,0.0
8526,5.0
8527,5.0
8528,5.0
8529,3.0
8530,5.0
8531,3.0
8532,5.0
8533,7.0
8534,1.0
8535,1.0
8536,0.0
8537,5.0
8538,7.0
8539,0.0
8540,1.0
8541,3.0
8542,5.0
8543,7.0
8544,5.0
8545,1.0
8546,3.0
8547,7.0
8548,6.0
8549,8.0
8550,6.0
8551,5.0
8552,5.0
8553,5.0
8554,0.0
8555,0.0
8556,5.0
8557,7.0
8558,1.0
8559,7.0
8560,3.0
8561,3.0
8562,6.0
8563,8.0
8564,5.0
8565,7.0
8566,0.0
8567,5.0
8568,7.0
8569,5.0
8570,1.0
8571,7.0
8572,0.0
8573,1.0
8574,1.0
8575,8.0
8576,5.0
8577,7.0
8578,6.0
8579,3.0
8580,6.0
8581,1.0
8582,5.0
8583,3.0
8584,7.0
8585,7.0
8586,7.0
8587,6.0
8588,8.0
8589,7.0
8590,6.0
8591,7.0
8592,5.0
8593,5.0
8594,0.0
8595,3.0
8596,1.0
8597,8.0
8598,5.0
8599,8.0
8600,0.0
8601,1.0
8602,7.0
8603,0.0
8604,6.0
8605,8.0
8606,5.0
8607,1.0
8608,0.0
8609,7.0
8610,7.0
8611,5.0
8612,0.0
8613,1.0
8614,5.0
8615,1.0
8616,0.0
8617,0.0
8618,0.0
8619,7.0
8620,1.0
8621,1.0
8622,5.0
8623,5.0
8624,1.0
8625,0.0
8626,1.0
8627,7.0
8628,7.0
8629,7.0
8630,0.0
8631,3.0
8632,0.0
8633,3.0
8634,0.0
8635,3.0
8636,0.0
8637,1.0
8638,6.0
8639,8.0
8640,1.0
8641,1.0
8642,1.0
8643,0.0
8644,5.0
8645,5.0
8646,7.0
8647,0.0
8648,5.0
8649,1.0
8650,1.0
8651,1.0
8652,3.0
8653,0.0
8654,5.0
8655,1.0
8656,5.0
8657,5.0
8658,1.0
8659,3.0
8660,3.0
8661,1.0
8662,1.0
8663,5.0
8664,1.0
8665,0.0
8666,5.0
8667,7.0
8668,5.0
8669,6.0
8670,3.0
8671,3.0
8672,6.0
8673,0.0
8674,5.0
8675,7.0
8676,1.0
8677,1.0
8678,3.0
8679,1.0
8680,0.0
8681,1.0
8682,1.0
8683,3.0
8684,3.0
8685,1.0
8686,3.0
8687,6.0
8688,1.0
8689,7.0
8690,3.0
8691,1.0
8692,0.0
8693,1.0
8694,5.0
8695,1.0
8696,5.0
8697,6.0
8698,5.0
8699,0.0
8700,1.0
8701,7.0
8702,0.0
8703,1.0
8704,5.0
8705,6.0
8706,7.0
8707,7.0
8708,1.0
8709,7.0
8710,5.0
8711,0.0
8712,5.0
8713,1.0
8714,1.0
8715,0.0
8716,1.0
8717,3.0
8718,1.0
8719,5.0
8720,3.0
8721,6.0
8722,1.0
8723,3.0
8724,3.0
8725,1.0
8726,5.0
8727,3.0
8728,5.0
8729,5.0
8730,3.0
8731,1.0
8732,5.0
8733,6.0
8734,5.0
8735,6.0
8736,3.0
8737,3.0
8738,7.0
8739,5.0
8740,7.0
8741,7.0
8742,0.0
8743,1.0
8744,3.0
8745,7.0
8746,6.0
8747,3.0
8748,5.0
8749,6.0
8750,1.0
8751,0.0
8752,3.0
8753,8.0
8754,5.0
8755,1.0
8756,3.0
8757,3.0
8758,6.0
8759,5.0
8760,8.0
8761,5.0
8762,1.0
8763,5.0
8764,5.0
8765,6.0
8766,0.0
8767,6.0
8768,6.0
8769,0.0
8770,0.0
8771,5.0
8772,5.0
8773,6.0
8774,1.0
8775,5.0
8776,6.0
8777,3.0
8778,6.0
8779,6.0
8780,3.0
8781,7.0
8782,1.0
8783,1.0
8784,6.0
8785,3.0
8786,5.0
8787,0.0
8788,5.0
8789,3.0
8790,3.0
8791,7.0
8792,5.0
8793,1.0
8794,1.0
8795,1.0
8796,6.0
8797,6.0
8798,1.0
8799,7.0
8800,5.0
8801,0.0
8802,1.0
8803,6.0
8804,7.0
8805,8.0
8806,5.0
8807,5.0
8808,3.0
8809,1.0
8810,8.0
8811,3.0
8812,1.0
8813,5.0
8814,5.0
8815,1.0
8816,1.0
8817,3.0
8818,6.0
8819,1.0
8820,7.0
8821,0.0
8822,3.0
8823,5.0
8824,0.0
8825,1.0
8826,8.0
8827,3.0
8828,0.0
8829,8.0
8830,0.0
8831,1.0
8832,1.0
8833,5.0
8834,7.0
8835,5.0
8836,1.0
8837,1.0
8838,1.0
8839,3.0
8840,5.0
8841,0.0
8842,8.0
8843,1.0
8844,8.0
8845,7.0
8846,1.0
8847,0.0
8848,6.0
8849,8.0
8850,7.0
8851,1.0
8852,5.0
8853,3.0
8854,0.0
8855,7.0
8856,0.0
8857,1.0
8858,3.0
8859,1.0
8860,3.0
8861,3.0
8862,7.0
8863,7.0
8864,6.0
8865,0.0
8866,1.0
8867,6.0
8868,3.0
8869,1.0
8870,7.0
8871,1.0
8872,1.0
8873,7.0
8874,1.0
8875,6.0
8876,1.0
8877,0.0
8878,3.0
8879,5.0
8880,6.0
8881,6.0
8882,5.0
8883,6.0
8884,5.0
8885,7.0
8886,1.0
8887,5.0
8888,1.0
8889,5.0
8890,5.0
8891,6.0
8892,5.0
8893,0.0
8894,7.0
8895,1.0
8896,1.0
8897,6.0
8898,1.0
8899,3.0
8900,1.0
8901,8.0
8902,1.0
8903,3.0
8904,3.0
8905,3.0
8906,6.0
8907,7.0
8908,5.0
8909,0.0
8910,7.0
8911,7.0
8912,8.0
8913,5.0
8914,1.0
8915,5.0
8916,1.0
8917,1.0
8918,0.0
8919,1.0
8920,5.0
8921,7.0
8922,7.0
8923,1.0
8924,0.0
8925,3.0
8926,8.0
8927,3.0
8928,1.0
8929,3.0
8930,6.0
8931,1.0
8932,7.0
8933,1.0
8934,5.0
8935,6.0
8936,7.0
8937,5.0
8938,5.0
8939,1.0
8940,5.0
8941,7.0
8942,3.0
8943,7.0
8944,1.0
8945,8.0
8946,0.0
8947,8.0
8948,6.0
8949,5.0
8950,5.0
8951,8.0
8952,1.0
8953,6.0
8954,3.0
8955,8.0
8956,7.0
8957,6.0
8958,5.0
8959,6.0
8960,6.0
8961,1.0
8962,3.0
8963,1.0
8964,5.0
8965,5.0
8966,1.0
8967,7.0
8968,3.0
8969,5.0
8970,1.0
8971,1.0
8972,7.0
8973,1.0
8974,6.0
8975,5.0
8976,0.0
8977,5.0
8978,3.0
8979,1.0
8980,7.0
8981,0.0
8982,7.0
8983,0.0
8984,1.0
8985,1.0
8986,5.0
8987,1.0
8988,3.0
8989,1.0
8990,5.0
8991,1.0
8992,1.0
8993,3.0
8994,1.0
8995,7.0
8996,7.0
8997,8.0
8998,0.0
8999,0.0
9000,1.0
9001,3.0
9002,3.0
9003,5.0
9004,6.0
9005,0.0
9006,5.0
9007,6.0
9008,5.0
9009,6.0
9010,1.0
9011,1.0
9012,1.0
9013,1.0
9014,5.0
9015,6.0
9016,1.0
9017,7.0
9018,8.0
9019,8.0
9020,7.0
9021,3.0
9022,7.0
9023,7.0
9024,3.0
9025,6.0
9026,7.0
9027,5.0
9028,1.0
9029,5.0
9030,5.0
9031,5.0
9032,1.0
9033,1.0
9034,3.0
9035,7.0
9036,8.0
9037,6.0
9038,8.0
9039,6.0
9040,3.0
9041,7.0
9042,1.0
9043,3.0
9044,6.0
9045,3.0
9046,7.0
9047,6.0
9048,7.0
9049,6.0
9050,0.0
9051,3.0
9052,8.0
9053,7.0
9054,6.0
9055,7.0
9056,6.0
9057,1.0
9058,5.0
9059,0.0
9060,6.0
9061,0.0
9062,1.0
9063,6.0
9064,1.0
9065,3.0
9066,5.0
9067,7.0
9068,6.0
9069,6.0
9070,0.0
9071,5.0
9072,5.0
9073,1.0
9074,5.0
9075,7.0
9076,5.0
9077,7.0
9078,1.0
9079,8.0
9080,8.0
9081,6.0
9082,7.0
9083,5.0
9084,3.0
9085,0.0
9086,7.0
9087,1.0
9088,6.0
9089,3.0
9090,3.0
9091,1.0
9092,1.0
9093,3.0
9094,3.0
9095,5.0
9096,6.0
9097,7.0
9098,1.0
9099,3.0
9100,3.0
9101,1.0
9102,1.0
9103,7.0
9104,1.0
9105,0.0
9106,3.0
9107,3.0
9108,7.0
9109,5.0
9110,0.0
9111,1.0
9112,7.0
9113,5.0
9114,3.0
9115,0.0
9116,1.0
9117,1.0
9118,3.0
9119,1.0
9120,3.0
9121,7.0
9122,0.0
9123,6.0
9124,6.0
9125,0.0
9126,3.0
9127,7.0
9128,8.0
9129,6.0
9130,1.0
9131,3.0
9132,8.0
9133,5.0
9134,5.0
9135,8.0
9136,5.0
9137,5.0
9138,6.0
9139,6.0
9140,5.0
9141,3.0
9142,1.0
9143,1.0
9144,1.0
9145,1.0
9146,1.0
9147,1.0
9148,7.0
9149,6.0
9150,3.0
9151,1.0
9152,0.0
9153,7.0
9154,5.0
9155,8.0
9156,5.0
9157,3.0
9158,3.0
9159,8.0
9160,1.0
9161,7.0
9162,6.0
9163,5.0
9164,5.0
9165,0.0
9166,1.0
9167,1.0
9168,1.0
9169,7.0
9170,0.0
9171,6.0
9172,6.0
9173,6.0
9174,1.0
9175,1.0
9176,7.0
9177,5.0
9178,6.0
9179,8.0
9180,5.0
9181,5.0
9182,7.0
9183,1.0
9184,3.0
9185,8.0
9186,3.0
9187,6.0
9188,5.0
9189,7.0
9190,3.0
9191,6.0
9192,8.0
9193,1.0
9194,0.0
9195,6.0
9196,1.0
9197,8.0
9198,6.0
9199,1.0
9200,1.0
9201,3.0
9202,7.0
9203,6.0
9204,1.0
9205,7.0
9206,8.0
9207,6.0
9208,6.0
9209,1.0
9210,7.0
9211,7.0
9212,3.0
9213,7.0
9214,1.0
9215,5.0
9216,0.0
9217,5.0
9218,7.0
9219,6.0
9220,3.0
9221,3.0
9222,1.0
9223,3.0
9224,1.0
9225,0.0
9226,3.0
9227,1.0
9228,7.0
9229,7.0
9230,7.0
9231,5.0
9232,1.0
9233,5.0
9234,0.0
9235,1.0
9236,3.0
9237,7.0
9238,6.0
9239,8.0
9240,1.0
9241,5.0
9242,3.0
9243,7.0
9244,5.0
9245,6.0
9246,1.0
9247,5.0
9248,5.0
9249,1.0
9250,7.0
9251,7.0
9252,7.0
9253,1.0
9254,5.0
9255,1.0
9256,6.0
9257,3.0
9258,1.0
9259,0.0
9260,1.0
9261,3.0
9262,7.0
9263,5.0
9264,7.0
9265,7.0
9266,1.0
9267,5.0
9268,6.0
9269,7.0
9270,6.0
9271,0.0
9272,6.0
9273,8.0
9274,3.0
9275,8.0
9276,1.0
9277,7.0
9278,5.0
9279,5.0
9280,1.0
9281,5.0
9282,6.0
9283,6.0
9284,1.0
9285,7.0
9286,6.0
9287,6.0
9288,3.0
9289,7.0
9290,0.0
9291,7.0
9292,0.0
9293,8.0
9294,6.0
9295,6.0
9296,6.0
9297,0.0
9298,1.0
9299,1.0
9300,5.0
9301,1.0
9302,8.0
9303,3.0
9304,1.0
9305,7.0
9306,7.0
9307,3.0
9308,5.0
9309,7.0
9310,7.0
9311,6.0
9312,0.0
9313,1.0
9314,6.0
9315,3.0
9316,6.0
9317,7.0
9318,0.0
9319,1.0
9320,5.0
9321,1.0
9322,1.0
9323,7.0
9324,6.0
9325,1.0
9326,8.0
9327,0.0
9328,3.0
9329,1.0
9330,3.0
9331,3.0
9332,1.0
9333,5.0
9334,1.0
9335,1.0
9336,1.0
9337,8.0
9338,5.0
9339,1.0
9340,0.0
9341,0.0
9342,6.0
9343,1.0
9344,1.0
9345,7.0
9346,3.0
9347,6.0
9348,6.0
9349,1.0
9350,1.0
9351,1.0
9352,5.0
9353,3.0
9354,5.0
9355,8.0
9356,6.0
9357,1.0
9358,5.0
9359,6.0
9360,6.0
9361,3.0
9362,1.0
9363,1.0
9364,8.0
9365,5.0
9366,1.0
9367,5.0
9368,1.0
9369,5.0
9370,0.0
9371,0.0
9372,3.0
9373,3.0
9374,3.0
9375,8.0
9376,0.0
9377,7.0
9378,8.0
9379,3.0
9380,7.0
9381,8.0
9382,6.0
9383,6.0
9384,5.0
9385,3.0
9386,0.0
9387,8.0
9388,6.0
9389,5.0
9390,5.0
9391,5.0
9392,1.0
9393,0.0
9394,5.0
9395,3.0
9396,1.0
9397,5.0
9398,3.0
9399,3.0
9400,5.0
9401,6.0
9402,8.0
9403,1.0
9404,6.0
9405,0.0
9406,3.0
9407,1.0
9408,6.0
9409,6.0
9410,8.0
9411,0.0
9412,0.0
9413,1.0
9414,1.0
9415,8.0
9416,3.0
9417,5.0
9418,8.0
9419,3.0
9420,1.0
9421,0.0
9422,3.0
9423,0.0
9424,3.0
9425,3.0
9426,1.0
9427,0.0
9428,5.0
9429,5.0
9430,1.0
9431,5.0
9432,1.0
9433,1.0
9434,8.0
9435,7.0
9436,5.0
9437,7.0
9438,5.0
9439,6.0
9440,1.0
9441,6.0
9442,1.0
9443,0.0
9444,1.0
9445,5.0
9446,0.0
9447,1.0
9448,1.0
9449,6.0
9450,3.0
9451,6.0
9452,5.0
9453,6.0
9454,0.0
9455,7.0
9456,1.0
9457,7.0
9458,1.0
9459,5.0
9460,1.0
9461,3.0
9462,5.0
9463,6.0
9464,5.0
9465,1.0
9466,6.0
9467,8.0
9468,3.0
9469,0.0
9470,3.0
9471,7.0
9472,1.0
9473,7.0
9474,6.0
9475,3.0
9476,3.0
9477,0.0
9478,5.0
9479,1.0
9480,3.0
9481,1.0
9482,5.0
9483,1.0
9484,3.0
9485,1.0
9486,7.0
9487,5.0
9488,5.0
9489,3.0
9490,7.0
9491,1.0
9492,3.0
9493,3.0
9494,1.0
9495,5.0
9496,6.0
9497,7.0
9498,3.0
9499,3.0
9500,3.0
9501,8.0
9502,3.0
9503,5.0
9504,1.0
9505,7.0
9506,5.0
9507,5.0
9508,3.0
9509,7.0
9510,5.0
9511,1.0
9512,7.0
9513,6.0
9514,5.0
9515,6.0
9516,7.0
9517,3.0
9518,7.0
9519,5.0
9520,5.0
9521,0.0
9522,0.0
9523,3.0
9524,8.0
9525,5.0
9526,1.0
9527,7.0
9528,3.0
9529,6.0
9530,3.0
9531,0.0
9532,6.0
9533,5.0
9534,7.0
9535,1.0
9536,5.0
9537,1.0
9538,1.0
9539,0.0
9540,3.0
9541,1.0
9542,3.0
9543,7.0
9544,6.0
9545,5.0
9546,6.0
9547,1.0
9548,5.0
9549,3.0
9550,5.0
9551,3.0
9552,0.0
9553,1.0
9554,1.0
9555,6.0
9556,1.0
9557,3.0
9558,6.0
9559,5.0
9560,1.0
9561,1.0
9562,6.0
9563,1.0
9564,6.0
9565,7.0
9566,5.0
9567,1.0
9568,3.0
9569,0.0
9570,8.0
9571,7.0
9572,5.0
9573,1.0
9574,5.0
9575,5.0
9576,1.0
9577,5.0
9578,5.0
9579,3.0
9580,1.0
9581,7.0
9582,0.0
9583,8.0
9584,5.0
9585,1.0
9586,6.0
9587,6.0
9588,6.0
9589,3.0
9590,5.0
9591,0.0
9592,7.0
9593,5.0
9594,0.0
9595,6.0
9596,0.0
9597,3.0
9598,8.0
9599,6.0
9600,6.0
9601,1.0
9602,3.0
9603,1.0
9604,1.0
9605,0.0
9606,3.0
9607,6.0
9608,1.0
9609,6.0
9610,3.0
9611,6.0
9612,1.0
9613,8.0
9614,3.0
9615,0.0
9616,1.0
9617,1.0
9618,0.0
9619,0.0
9620,1.0
9621,1.0
9622,5.0
9623,5.0
9624,6.0
9625,0.0
9626,6.0
9627,1.0
9628,7.0
9629,0.0
9630,3.0
9631,7.0
9632,3.0
9633,3.0
9634,3.0
9635,3.0
9636,1.0
9637,5.0
9638,3.0
9639,5.0
9640,1.0
9641,5.0
9642,5.0
9643,5.0
9644,0.0
9645,6.0
9646,3.0
9647,6.0
9648,5.0
9649,6.0
9650,1.0
9651,1.0
9652,6.0
9653,7.0
9654,5.0
9655,3.0
9656,0.0
9657,5.0
9658,5.0
9659,6.0
9660,3.0
9661,1.0
9662,7.0
9663,3.0
9664,5.0
9665,1.0
9666,1.0
9667,3.0
9668,1.0
9669,3.0
9670,7.0
9671,5.0
9672,1.0
9673,5.0
9674,3.0
9675,0.0
9676,3.0
9677,3.0
9678,6.0
9679,1.0
9680,0.0
9681,1.0
9682,7.0
9683,8.0
9684,0.0
9685,8.0
9686,3.0
9687,1.0
9688,5.0
9689,6.0
9690,8.0
9691,6.0
9692,6.0
9693,1.0
9694,3.0
9695,7.0
9696,6.0
9697,3.0
9698,1.0
9699,5.0
9700,6.0
9701,6.0
9702,1.0
9703,3.0
9704,3.0
9705,1.0
9706,5.0
9707,6.0
9708,7.0
9709,7.0
9710,7.0
9711,6.0
9712,1.0
9713,8.0
9714,8.0
9715,5.0
9716,1.0
9717,1.0
9718,3.0
9719,0.0
9720,5.0
9721,3.0
9722,5.0
9723,3.0
9724,1.0
9725,3.0
9726,1.0
9727,1.0
9728,6.0
9729,3.0
9730,7.0
9731,6.0
9732,5.0
9733,7.0
9734,6.0
9735,7.0
9736,1.0
9737,1.0
9738,1.0
9739,3.0
9740,3.0
9741,3.0
9742,7.0
9743,6.0
9744,1.0
9745,5.0
9746,0.0
9747,3.0
9748,5.0
9749,6.0
9750,5.0
9751,1.0
9752,0.0
9753,8.0
9754,8.0
9755,7.0
9756,3.0
9757,7.0
9758,0.0
9759,5.0
9760,5.0
9761,3.0
9762,3.0
9763,6.0
9764,5.0
9765,1.0
9766,7.0
9767,5.0
9768,5.0
9769,7.0
9770,3.0
9771,0.0
9772,5.0
9773,1.0
9774,3.0
9775,7.0
9776,8.0
9777,3.0
9778,3.0
9779,7.0
9780,5.0
9781,1.0
9782,1.0
9783,5.0
9784,3.0
9785,1.0
9786,3.0
9787,3.0
9788,7.0
9789,5.0
9790,1.0
9791,5.0
9792,1.0
9793,7.0
9794,1.0
9795,3.0
9796,3.0
9797,6.0
9798,6.0
9799,0.0
9800,0.0
9801,1.0
9802,0.0
9803,3.0
9804,6.0
9805,6.0
9806,1.0
9807,6.0
9808,6.0
9809,5.0
9810,3.0
9811,6.0
9812,0.0
9813,1.0
9814,5.0
9815,5.0
9816,0.0
9817,8.0
9818,5.0
9819,1.0
9820,3.0
9821,5.0
9822,1.0
9823,5.0
9824,6.0
9825,5.0
9826,0.0
9827,8.0
9828,7.0
9829,6.0
9830,1.0
9831,1.0
9832,3.0
9833,3.0
9834,6.0
9835,1.0
9836,7.0
9837,6.0
9838,3.0
9839,7.0
9840,1.0
9841,8.0
9842,1.0
9843,1.0
9844,7.0
9845,3.0
9846,5.0
9847,3.0
9848,0.0
9849,8.0
9850,3.0
9851,3.0
9852,5.0
9853,8.0
9854,7.0
9855,7.0
9856,5.0
9857,5.0
9858,6.0
9859,8.0
9860,5.0
9861,5.0
9862,5.0
9863,7.0
9864,8.0
9865,5.0
9866,5.0
9867,3.0
9868,6.0
9869,5.0
9870,0.0
9871,1.0
9872,3.0
9873,1.0
9874,5.0
9875,5.0
9876,6.0
9877,6.0
9878,2.0
9879,7.0
9880,7.0
9881,8.0
9882,6.0
9883,6.0
9884,1.0
9885,7.0
9886,1.0
9887,1.0
9888,8.0
9889,0.0
9890,1.0
9891,6.0
9892,3.0
9893,1.0
9894,0.0
9895,1.0
9896,6.0
9897,0.0
9898,1.0
9899,3.0
9900,3.0
9901,1.0
9902,3.0
9903,5.0
9904,1.0
9905,6.0
9906,5.0
9907,1.0
9908,1.0
9909,0.0
9910,3.0
9911,6.0
9912,5.0
9913,7.0
9914,0.0
9915,1.0
9916,3.0
9917,3.0
9918,0.0
9919,7.0
9920,3.0
9921,6.0
9922,6.0
9923,1.0
9924,7.0
9925,5.0
9926,7.0
9927,3.0
9928,3.0
9929,3.0
9930,1.0
9931,1.0
9932,3.0
9933,7.0
9934,6.0
9935,7.0
9936,3.0
9937,0.0
9938,3.0
9939,5.0
9940,5.0
9941,5.0
9942,3.0
9943,7.0
9944,1.0
9945,0.0
9946,5.0
9947,5.0
9948,1.0
9949,1.0
9950,7.0
9951,1.0
9952,0.0
9953,5.0
9954,1.0
9955,1.0
9956,7.0
9957,7.0
9958,1.0
9959,1.0
9960,5.0
9961,0.0
9962,7.0
9963,7.0
9964,1.0
9965,6.0
9966,5.0
9967,5.0
9968,1.0
9969,5.0
9970,6.0
9971,1.0
9972,1.0
9973,6.0
9974,6.0
9975,3.0
9976,3.0
9977,7.0
9978,5.0
9979,3.0
9980,5.0
9981,8.0
9982,0.0
9983,7.0
9984,0.0
9985,3.0
9986,6.0
9987,1.0
9988,8.0
9989,0.0
9990,6.0
9991,1.0
9992,1.0
9993,3.0
9994,6.0
9995,3.0
9996,5.0
9997,6.0
9998,3.0
9999,7.0
